County,Constituency,Ward,Latitude,Longitude
Kakamega,Likuyani,Sinoko,0.8707034145379652,35.06553319661267
Kitui,Mwingi West,Kiomo/Kyethani,-0.867955956,37.97156782068804
Kisumu,Kisumu Central,Nyalenda 'A',-0.131696587,34.74555330251952
Trans Nzoia,Saboti,Saboti,0.9513452141331804,34.80794099332432
Vihiga,Vihiga,South Maragoli,0.002080289,34.69183400323601
Murang'a,Kandara,Ithiru,-0.880414896,36.98797679403155
Taita Taveta,Taveta,Mahoo,-3.359470093,37.702032618930176
Homa Bay,Kabondo Kasipul,Kokwanyo/Kakelo,-0.450885888,34.79918966425829
West Pokot,Kacheliba,Kapckok,1.8191255657946095,35.08398865430306
Nakuru,Rongai,Visoi,-0.156996745,35.87209040571147
Bomet,Sotik,Chemagel,-0.694149997,35.13286313136033
Kilifi,Kaloleni,Kaloleni,-3.787372859,39.63779644360564
Kericho,Belgut,Kapsuser,-0.361065589,35.22190206291567
Kilifi,Rabai,Rabai/Kisurutini,-3.941009406,39.56110454432392
Bomet,Chepalungu,Sigor,-0.940675051,35.29619649380704
Kiambu,Gatundu South,Ngenda,-1.010138296,36.90413399352472
Nairobi,Embakasi West,Umoja II,-1.283227669,36.89489880989991
Kiambu,Kiambaa,Karuri,-1.168953214,36.75347980828773
Bomet,Konoin,Mogogosiek,-0.624098459,35.28559187100676
Kiambu,Thika Town,Kamenu,-1.072973247,37.12727495
Garissa,Dadaab,Liboi,0.2407480820646488,40.79868418500506
Busia,Teso North,Ang'Urai East,0.7376650646645592,34.39936028892616
Kitui,Kitui South,Athi,-2.442952774,38.54084633339511
Bungoma,Mt. Elgon,Cheptais,0.8333082291358688,34.44797125075447
Kericho,Sigowet/Soin,Soliat,-0.29684661,35.11815903558973
Kiambu,Ruiru,Kahawa Wendani,-1.198462337,36.92521131492286
Nyandarua,Kinangop,Nyakio,-0.779128917,36.62981043561381
Murang'a,Kigumo,Kahumbu,-0.859433251,37.08114099230336
Nyandarua,Ol Jorok,Weru,-0.126024187,36.38843048
Kitui,Kitui East,Nzambani,-1.424924246,38.061104166597424
Siaya,Bondo,West Yimbo,-0.05112481,34.06088725485298
Nyandarua,Ol Kalou,Kaimbaga,-0.339519402,36.40064639223182
Kericho,Kipkelion West,Kipkelion,-0.166491767,35.46726021010468
Busia,Matayos,Burumba,0.4536792271474963,34.120565782000824
Trans Nzoia,Cherangany,Kaplamai,0.976283688,35.10795916788597
Vihiga,Hamisi,Banja,0.058059283,34.82329955653873
Machakos,Yatta,Matuu,-1.136768924,37.55761643846799
Tana River,Galole,Kinakomba,-1.695639835,39.96662346355022
Nandi,Emgwen,Chepkumia,0.1254574341288234,34.96290234280946
Machakos,Masinga,Muthesya,-0.929358898,37.40029717469452
Nairobi,Langata,Nairobi West,-1.320347688,36.81603308526023
Kiambu,Thika Town,Gatuanyaga,-1.079360088,37.17825392836123
Migori,Suna East,God Jope,-1.064881502,34.52644363475624
Bomet,Konoin,Embomos,-0.603205692,35.360487036258064
Kakamega,Butere,Marama Central,0.2503322015923391,34.499354731514124
Uasin Gishu,Kesses,Cheptiret/Kipchamo,0.3796751297052277,35.36735439185398
Busia,Nambale,Bukhayo East,0.4850123659630155,34.35641041036093
Embu,Runyenjes,Kagaari North,-0.391201619,37.522665719886405
Kiambu,Kabete,Kabete,-1.227026044,36.72699239
Machakos,Matungulu,Tala,-1.267981873,37.31671664080271
Homa Bay,Rangwe,Kochia,-0.514648923,34.536394626348766
Trans Nzoia,Cherangany,Makutano,1.0937438605632843,35.17539849814876
Uasin Gishu,Soy,Kapkures,0.8451002038428916,35.15819835476998
Nyamira,West Mugirango,Bonyamatuta,-0.616904946,34.96042971921516
Kakamega,Matungu,Mayoni,0.3762270121744878,34.46300510969435
Vihiga,Luanda,Luanda Township,0.031009645,34.59867628027769
Elgeyo-Marakwet,Keiyo North,Emsoo,0.7871210120191081,35.58490312495403
Makueni,Makueni,Mbitini,-1.971069511,37.45474456367582
Kitui,Kitui East,Voo/Kyamatu,-1.588236954,38.38953227260057
Migori,Awendo,Central Sakwa,-0.865573942,34.53317615472498
Bomet,Bomet Central,Silibwet Township,-0.749486216,35.34614952615563
Homa Bay,Rangwe,East Gem,-0.590827637,34.60947134292705
Kakamega,Mumias West,Mumias Central,0.3272181685533186,34.46275880488679
Nyandarua,Kipipiri,Kipipiri,-0.406241691,36.46311330959932
Tharaka,Maara,Ganga,-0.255613914,37.71322325955748
Narok,Narok North,Narok Town,-1.121455136,35.83635990481483
Uasin Gishu,Turbo,Kamagut,0.5935926380088506,35.1579449
Uasin Gishu,Kapseret,Kipkenyo,0.5191043854919732,35.24195095442962
Narok,Narok West,Naikarra,-1.674108884,35.53882804999909
Vihiga,Emuhaya,North East Bunyore,0.098699137,34.65351971060653
Vihiga,Luanda,Luanda South,-0.013179177,34.57019098
Tharaka,Nithi,Mariani,-0.346476225,37.74632930721469
Makueni,Kilome,Mukaa,-1.840020998,37.330997645195495
Vihiga,Vihiga,Lugaga-Wamuluma,0.067250534,34.70036026996672
Bungoma,Tongaren,Milima,0.7763506895749697,34.84543471985123
Kisumu,Muhoroni,Masogo/Nyang'Oma,-0.124590758,35.050601012993454
Siaya,Bondo,West Sakwa,-0.082119142,34.22231941798749
Kakamega,Khwisero,Kisa East,0.1376566052002354,34.63410497424305
Embu,Gachoka,Mwea,-0.802006994,37.37520989218376
Busia,Teso North,Malaba North,0.6593295918068164,34.32007793150983
Lamu,Lamu West,Hongwe,-2.388568289,40.60819962377593
Busia,Butula,Marachi West,0.3062270849257983,34.21138344461878
Kakamega,Malava,Manda-Shivanga,0.5339473862680609,34.86292238
Kisumu,Kisumu West,West Kisumu,-0.057052868,34.63042455
Nandi,Nandi Hills,Chepkunyuk,0.1303985640392069,35.240465425127645
Kirinyaga,Mwea,Murinduko,-0.616990075,37.43398931
Kisii,South Mugirango,Getenga,-0.939609692,34.66092391827805
Kisumu,Seme,Central Seme,-0.115326782,34.502377781789406
Nairobi,Embakasi South,Kwa Njenga,-1.326002021,36.88032371762748
Tana River,Garsen,Garsen Central,-2.316910932,40.19522970563053
Migori,Uriri,North Kanyamkago,-0.877745699,34.41942297331283
Narok,Narok West,Siana,-1.417779745,35.38056217160533
Migori,Suna East,Kakrao,-1.030165071,34.42562764160624
Uasin Gishu,Soy,Kuinet/Kapsuswa,0.6280075231269379,35.298132227472834
Bomet,Chepalungu,Nyangores,-0.829780811,35.31438537341701
Kiambu,Kikuyu,Kinoo,-1.252414502,36.69231043441866
Siaya,Rarieda,West Asembo,-0.153846714,34.33822903678604
Murang'a,Maragwa,Kambiti,-0.809255196,37.217642847797606
Nyamira,Borabu,Mekenene,-0.627253588,35.040388547559765
Trans Nzoia,Kwanza,Bidii,1.049493881820989,35.01684721298225
Trans Nzoia,Saboti,Tuwani,1.0281141728409082,34.99150027998585
Vihiga,Hamisi,Gisambai,0.055123143,34.76951139687046
Busia,Teso South,Amukura West,0.5945777224892939,34.22191381787099
Kisii,South Mugirango,Moticho,-0.895879697,34.63569524937899
Nakuru,Naivasha,Lakeview,-0.729402382,36.42545365865431
Wajir,Wajir North,Gurar,3.374122767775844,39.64319599288149
Tharaka,Nithi,Mugwe,-0.363291277,37.67666790330753
Kisumu,Seme,East Seme,-0.097112272,34.565988747773126
Bomet,Chepalungu,Siongiroi,-0.889657954,35.20006639113601
Kajiado,Kajiado East,Kenyawa-Poka,-2.201382785,37.44557495006799
Kisii,Nyaribari Chache,Ibeno,-0.778241809,34.84208622
Homa Bay,Kasipul,East Kamagak,-0.473799854,34.76836082907923
Meru,Tigania West,Kianjai,0.20078462,37.69168348705047
Kilifi,Kilifi North,Kibarani,-3.577993719,39.81369911728519
Trans Nzoia,Kiminini,Sirende,0.9623714095200544,35.077448760637665
Kirinyaga,Kirinyaga Central,Mutira,-0.464872494,37.23177939969193
Siaya,Gem,Central Gem,0.071311047,34.47090049251622
Homa Bay,Suba North,Kasgunga,-0.469931831,34.22563811095608
Kakamega,Matungu,Khalaba,0.4272925862070661,34.55992171900812
Tharaka,Nithi,Igambang'Ombe,-0.359599435,37.80794516239913
Vihiga,Luanda,Mwibona,0.017951879,34.56305410842027
Bungoma,Kimilili,Kamukuywa,0.8028156008916635,34.788380646992046
Busia,Matayos,Bukhayo West,0.4194405928498936,34.153059259545415
Uasin Gishu,Ainabkoi,Kapsoya,0.5111541875102983,35.326452156387376
Nyeri,Mathira,Karatina Town,-0.4478921,37.11184681119096
Nyamira,North Mugirango,Itibo,-0.561260899,35.00642578209207
Makueni,Kaiti,Ukia,-1.759546517,37.51731228087145
Bungoma,Bumula,Kabula,0.4813657420471604,34.52481478091797
Kakamega,Lugari,Chekalini,0.6251354303856986,34.90461584228535
Murang'a,Kigumo,Kigumo,-0.811683964,36.99020117134073
Bungoma,Kanduyi,Khalaba,0.5575599088723769,34.56216647896596
Meru,Buuri,Ruiri/Rwarera,0.2113775445294096,37.603469354304735
Homa Bay,Ndhiwa,Kanyamwa Kosewe,-0.697096434,34.35105391375164
Vihiga,Emuhaya,Central Bunyore,0.084567114,34.61208582712403
Kilifi,Magarini,Marafa,-2.993368929,39.83539800223446
Nairobi,Embakasi Central,Kayole North,-1.268293713,36.92058715565824
Kirinyaga,Kirinyaga Central,Kanyeki-Ini,-0.552525055,37.275255603877135
Busia,Matayos,Mayenje,0.4316661889216706,34.105933473473044
Wajir,Wajir North,Godoma,3.3410306464172077,39.36086078047851
Nairobi,Westlands,Parklands/Highridge,-1.256090544,36.79232732590771
Kiambu,Gatundu South,Kiganjo,-0.976210378,36.80189923912127
Kisii,Bonchari,Bomariba,-0.62928347,34.696957478319085
Machakos,Mwala,Mbiuni,-1.236449173,37.41438510282439
Busia,Matayos,Matayos South,0.3670146671441502,34.19309463993268
Busia,Nambale,Nambale Township,0.4680709078969016,34.25565768150187
Bungoma,Kanduyi,East Sang'Alo,0.4942864008694926,34.63084364687589
Murang'a,Gatanga,Gatanga,-0.912744692,36.924995386130895
Migori,Suna West,Wiga,-1.053511937,34.33430312776715
Nyamira,North Mugirango,Bokeira,-0.456163765,34.98509213
Bomet,Konoin,Boito,-0.540786152,35.427285476466686
Homa Bay,Ndhiwa,Kwabwai,-0.770640473,34.27076366682522
Marsabit,Laisamis,Kargi/South Horr,2.4768234285305017,37.3052732
Nyandarua,Ol Jorok,Gatimu,-0.021006807,36.38059880997309
Bomet,Buret,Litein,-0.595700609,35.16231666595275
Kisii,Bobasi,Masige West,-0.839248531,34.77182020206005
Tharaka,Nithi,Magumoni,-0.308649385,37.53969826082855
Nandi,Tinderet,Chemelil/Chemase,-0.013114404,35.096553755949394
Kisumu,Nyando,Kobura,-0.162745513,34.85806720708166
Nyandarua,Ol Jorok,Charagita,-0.13824481,36.29328334302977
Bungoma,Kanduyi,Marakaru/Tuuti,0.6431322446381513,34.52773467634172
Kitui,Mwingi West,Central,-0.97827216,38.08381873911352
Kirinyaga,Gichugu,Inoi,-0.33881159,37.30743563307636
Busia,Teso South,Bukhayo North/Waltsi,0.5471954789352361,34.34782456161576
Homa Bay,Homa Bay,Homa Bay West,-0.588011401,34.44381202373169
Kajiado,Kajiado West,Iloodokilani,-2.024398674,36.50501717862684
Kakamega,Malava,Butali/Chegulo,0.4956340738053592,34.81861750341978
Bungoma,Mt. Elgon,Kapkateny,0.8118070736840343,34.593115246802526
Busia,Butula,Marachi North,0.3418277051099821,34.35036009885157
Narok,Narok South,Sogoo,-0.827973092,35.59941004956122
Kwale,Msambweni,Ukunda,-4.314906177,39.55992269625362
Migori,Kuria West,Gokeharaka/Getambwega,-1.259871114,34.56156362655336
Nandi,Tinderet,Songhor/Soba,-0.014965878,35.260048137540764
Bomet,Chepalungu,Chebunyo,-0.970544888,35.206680375180234
Machakos,Masinga,Kivaa,-0.935872168,37.7638766
Kajiado,Kajiado East,Kaputiei North,-1.68562482,36.87351492400207
Kilifi,Kaloleni,Mwanamwinga,-3.699414324,39.55654967460508
Bomet,Bomet East,Kembu,-0.802180016,35.43631949828559
Nairobi,Kilimani,Kileleshwa,-1.271435257,36.78534786726159
Uasin Gishu,Moiben,Moiben,0.7729718389367412,35.36658472086889
Kwale,Matuga,Tiwi,-4.229624761,39.55951524831388
Tharaka,Maara,Muthambi,-0.281635866,37.70507779803783
Laikipia,Laikipia West,Thingithu,0.033328,37.02910880564508
Kitui,Mwingi North,Kyuso,-0.538667296,38.19396966677338
Vihiga,Luanda,Wemilabi,0.053945441,34.64081964759912
Tana River,Bura,Madogo,-0.289427228,39.31099430450891
Kisii,Bomachoge Borabu,Bombaba Borabu,-0.897296514,34.77725623620141
Kakamega,Lugari,Lwandeti,0.6073866751467546,34.84584661884435
Nyandarua,Kipipiri,Wanjohi,-0.30977465,36.496757032490656
Narok,Kilgoris,Kimintet,-1.243863745,35.008356682201104
Bungoma,Bumula,South Bukusu,0.5340444787856492,34.48935275741572
Kakamega,Navakholo,Bunyala Central,0.4022810430928219,34.68464386058085
Trans Nzoia,Cherangany,Chepsiro/Kiptoror,0.9670337911368484,35.30273345325866
Siaya,Ugenya,Ukwala,0.1985552021477588,34.205870483143244
Uasin Gishu,Kesses,Tulwet/Chuiyat,0.2641770129975127,35.33966152840579
Nandi,Mosop,Chepterwai,0.523974884,34.93643818481548
Kisii,Kitutu Chache North,Marani,-0.572928973,34.78070703732047
Kiambu,Kabete,Gitaru,-1.230284528,36.69017185767531
Kericho,Ainamoi,Kapkugerwet,-0.348185322,35.29782331848321
Meru,Igembe North,Amwathi,0.4907111189309241,38.056798378250335
Garissa,Fafi,Nanighi,-0.756734691,40.10115812421982
Siaya,Gem,North Gem,0.1177401799718178,34.418305935343874
Narok,Narok West,Mara,-1.175832506,35.24731607506892
Nakuru,Naivasha,Maiella,-0.78024229,36.20700447529847
Kisii,Bobasi,Bobasi Boitangare,-0.791977646,34.799651134241984
Homa Bay,Suba North,Mfangano Island,-0.462913963,34.01062605378036
Machakos,Kajiado East,Athi River,-1.460234286,36.94861690543723
Kilifi,Magarini,Gongoni,-2.97505668,40.11385078357964
Siaya,Alego Usonga,Siaya Township,0.050499082,34.2791071
Siaya,Ugenya,North Ugenya,0.2659191892254456,34.23723802972248
Narok,Kilgoris,Shankoe,-1.036453289,34.828643358782266
Machakos,Matungulu,Matungulu North,-1.141468225,37.28794290810386
Embu,Siakago,Nthawa,-0.569833836,37.62042244663183
Makueni,Makueni,Kathonzweni,-1.974580371,37.74568576136407
Nyeri,Kieni,Mwiyogo/Endarasha,-0.288713157,36.87527747304894
Nairobi,Embakasi Central,Komarock,-1.268471243,36.90957026804333
Narok,Kilgoris,Kilgoris Central,-1.002623648,34.930997189933024
Kisumu,Kisumu West,South West Kisumu,-0.106184532,34.63281538392057
Kisii,Bomachoge Chache,Majoge,-0.748816704,34.703178148308915
Vihiga,Hamisi,Shiru,0.1651814894417352,34.88103287
Kakamega,Khwisero,Kisa North,0.1677670102744182,34.62935699971904
Bungoma,Sirisia,Lwandanyi,0.7570222595103696,34.42895489905035
Nairobi,Ruaraka,Korogocho,-1.248324637,36.89196330071445
Kakamega,Likuyani,Likuyani,0.6811315221615388,35.10596254095862
Kisii,Nyaribari Masaba,Ichuni,-0.789058734,34.91990365814297
Vihiga,Vihiga,Mungoma,0.022819303,34.664527967855435
Kiambu,Kabete,Ndenderu,-1.19833065,36.71165519355419
Marsabit,Moyale,Moyale Township,3.499954046615489,39.05704344745404
Homa Bay,Karachuonyo,Kendu Bay Town,-0.38853612,34.66337498070112
Machakos,Kangundo,Kangundo North,-1.29450554,37.37930569157308
Siaya,Alego Usonga,West Alego,0.1126776829583634,34.17461418433611
Garissa,Dadaab,Dadaab,0.047765086,40.29634464656484
Kajiado,Kajiado South,Mbirikani/Eselenkei,-2.484128123,37.51611448316089
Tana River,Galole,Mikinduni,-1.53682834,39.98150429848481
Kisii,Kitutu Chache South,Bogeka,-0.609139466,34.75146532456584
Narok,Narok North,Melili,-0.854821422,36.03677906235645
Nandi,Mosop,Kabiyet,0.4312554282393318,35.067770056943054
Bungoma,Kabuchai,Kabuchai/Chwele,0.7062483792094396,34.57642718
Kitui,Kitui East,Mutito/Kaliku,-1.267375701,38.287572806915264
Meru,Igembe North,Antuambui,0.463342422,37.88844590569725
Taita Taveta,Taveta,Mboghoni,-3.461856647,37.66725454935133
Kisumu,Nyando,Awasi/Onjiko,-0.17957596,35.04087790714744
Kilifi,Malindi,Shella,-3.23606676,40.11810657938893
Homa Bay,Ndhiwa,Kabuoch South/Pala,-0.793648825,34.444293573085105
Kiambu,Limuru,Limuru East,-1.102715029,36.69006755643199
Nyeri,Mukurweni,Gikondi,-0.598099403,37.064889658114765
Uasin Gishu,Kapseret,Simat/Kapseret,0.4746714173562892,35.201543438223155
Machakos,Matungulu,Matungulu West,-1.266113257,37.20946283939398
Nandi,Mosop,Kurgung/Surungai,0.4434993984659608,34.97654116490604
Siaya,Rarieda,North Uyoma,-0.254988917,34.35069170589254
Siaya,Ugunja,Sigomere,0.2179832531815126,34.36249166605049
Kakamega,Lurambi,Shirere,0.2637029726059568,34.74398674180207
Siaya,Bondo,South Sakwa,-0.181967776,34.23680029855696
Murang'a,Kangema,Rwathia,-0.66125708,36.87931325912444
Bungoma,Webuye West,Bokoli,0.6765607251619195,34.67624362
Bungoma,Kanduyi,Bukembe West,0.5788852514604513,34.607667476015386
Nakuru,Njoro,Mauche,-0.505141865,35.945107910845344
Turkana,Turkana Central,Kang'Atotha,3.3211415424036503,35.953335379710985
Homa Bay,Kasipul,West Kasipul,-0.545267736,34.66930916
Siaya,Bondo,Central Sakwa,-0.156883814,34.15872780795242
Kakamega,Mumias East,Isongo/Makunga/Malaha,0.3175602705845571,34.61138078045907
Kakamega,Butere,Marama North,0.2051847502279552,34.58159469933707
Kilifi,Kilifi North,Sokoni,-3.605728299,39.86784304543282
Homa Bay,Karachuonyo,Kibiri,-0.432320839,34.55380069396108
Nairobi,Roysambu,Githurai,-1.20460194,36.90228301954125
Kiambu,Kiambu,Ndumberi,-1.160445272,36.80014568587628
Siaya,Alego Usonga,South East Alego,0.000861385,34.28933087815177
Nairobi,Westlands,Kangemi,-1.268727582,36.75121449521822
Kwale,Matuga,Shimba Hills National Reserve,-4.260729627,39.38402795111393
Wajir,Wajir North,Bute,3.2573405697024467,39.45112895586706
Embu,Runyenjes,Kyeni North,-0.387948421,37.57668678
Narok,Emurua Dikirr,Mogondo,-1.008954971,35.05368777
Homa Bay,Karachuonyo,Kanyaluo,-0.44577203,34.623176694014816
Homa Bay,Karachuonyo,West Karachuonyo,-0.400434323,34.48779466085872
Kisumu,Kisumu East,Kolwa Central,-0.114875365,34.78783661535867
Kakamega,Butere,Marenyo-Shianda,0.1836679293339305,34.519737973328226
Migori,Suna West,Ragana-Oruba,-1.094564719,34.46566742
Migori,Rongo,North Kamagambo,-0.688288585,34.61139461618788
Nairobi,Langata,Nyayo Highrise,-1.312636505,36.811792613032495
Siaya,Rarieda,South Uyoma,-0.340609009,34.32299207735264
Embu,Manyatta,Kirimari,-0.505645224,37.44646298690371
Nyandarua,Kinangop,Githabai,-0.745131074,36.57395106923005
Nyeri,Nyeri Town,Gatitu/Muruguru,-0.448488558,36.96146300814979
Murang'a,Kandara,Ng'Araria,-0.935783561,37.02645634364393
Meru,Igembe North,Ntunene,0.393766831,37.86063465398097
Nairobi,Embakasi North,Dandora Area Iii,-1.245596285,36.90415169384404
Kakamega,Navakholo,Shinoyi-Shikomari-Esumeiya,0.3257572234124636,34.67212729334576
Makueni,Makueni,Nguu/Masumba,-2.073795413,37.62907107861226
Turkana,Turkana South,Lokichar,2.6389906606459603,35.666966711822674
Migori,Suna East,Suna Central,-1.083156449,34.49621014815225
Kisumu,Nyando,East Kano/Wawidhi,-0.227635398,35.001646852437325
Nairobi,Embakasi East,Lower Savannah,-1.294952054,36.89630415
Busia,Teso North,Ang'Urai South,0.6789343922363618,34.37005064668175
Bomet,Bomet East,Merigi,-0.76518938,35.40518152950435
Bomet,Buret,Cheplanget,-0.63476979,35.113979216183175
Murang'a,Kandara,Ruchu,-0.831562007,36.92138164048517
Migori,Uriri,West Kanyamkago,-0.956644032,34.40285241614585
Kwale,Kinango,Puma,-4.057718698,39.052325
Busia,Funyula,Namboboto Nambuku,0.3195916061144609,34.10867354860453
Bomet,Bomet East,Longisa,-0.853380916,35.40455730188651
Murang'a,Kiharu,Township,-0.725451468,37.14766681513249
Nyamira,West Mugirango,Township,-0.567782043,34.93533774437034
Bungoma,Mt. Elgon,Chesikaki,0.8063337585830773,34.502693296731294
Kilifi,Kilifi South,Mtepeni,-3.897376618,39.74879789180635
Kitui,Mwingi East,Nuu,-1.041023222,38.52792047655904
Kiambu,Kiambaa,Kihara,-1.214076419,36.76724326
Nyeri,Nyeri Town,Kamakwa/Mukaro,-0.434887112,36.91908961468777
Nairobi,Roysambu,Kahawa,-1.190530439,36.90010420212054
Vihiga,Sabatia,Busali,0.1399556708949059,34.798780212262145
Kakamega,Lugari,Mautuma,0.7207090636542254,35.005208333672925
Kirinyaga,Gichugu,Baragwi,-0.505085189,37.34526709355693
Murang'a,Gatanga,Kihumbu-Ini,-0.921091109,36.97488010083482
Narok,Kilgoris,Lolgorian,-1.19955476,34.81006278608505
Nyamira,West Mugirango,Nyamaiya,-0.509640595,34.90917311170787
Nyandarua,Ndaragwa,Kiriita,0.004748956,36.44384108461288
Bomet,Chepalungu,Kong'Asis,-0.836564294,35.229202539562415
Meru,Igembe North,Antubetwe Kiongo,0.3431290054506299,38.06692485
Vihiga,Hamisi,Shamakhokho,0.098214404,34.83496935116171
Nyeri,Mukurweni,Mukurwe-Ini West,-0.541431342,37.020773694073625
Nairobi,Embakasi Central,Kayole South,-1.284717432,36.912394619331934
Murang'a,Kangema,Kiru,-0.633329826,36.80673679
Nyandarua,Kipipiri,Murungaru,-0.521934706,36.53003328042083
Meru,Igembe North,Naathu,0.5162659084155695,37.95477859
Kilifi,Kilifi North,Watamu,-3.311342666,40.05562852416419
Kisii,Bomachoge Chache,Bosoti/Sengera,-0.855932833,34.70933357063252
Nairobi,Westlands,Mountain View,-1.270591188,36.73659756857042
Kirinyaga,Ndia,Mukure,-0.511129938,37.21413624930001
Mandera,Lafey,Alango Gof,3.130221682721053,41.05648060842286
Taita Taveta,Mwatate,Kasigau,-3.89655348,38.685709888572205
Kiambu,Thika Town,Ngoliba,-1.063100082,37.28898531062712
Kericho,Belgut,Waldai,-0.358517798,35.17049774230713
Nyamira,Kitutu Masaba,Magombo,-0.661473235,34.90341890204371
Meru,Tigania West,Nkomo,0.1273324594579835,37.74081780627896
Migori,Rongo,Central Kamagambo,-0.759612824,34.605747733171185
Kiambu,Kiambaa,Muchatha,-1.185951361,36.78071267333985
Bungoma,Bumula,Khasoko,0.4839991990219772,34.422362969686645
Kiambu,Limuru,Ndeiya,-1.167043802,36.57419564571104
Kisii,Bomachoge Borabu,Boochi Borabu,-0.910467261,34.80709229425008
Kisii,Bomachoge Borabu,Bokimonge,-0.910496894,34.75408899329155
Nakuru,Rongai,Menengai West,-0.197811388,35.98624195054924
Kilifi,Magarini,Magarini,-3.090084193,40.08045196773139
Nandi,Nandi Hills,Nandi Hills,0.1091056816786615,35.16526382879694
Machakos,Mavoko,Syokimau/Mulolongo,-1.370234825,36.94058361723397
Kakamega,Khwisero,Kisa Central,0.1457939155939784,34.56627238334744
Bungoma,Sirisia,Namwela,0.753299641,34.54356573730574
Kirinyaga,Mwea,Kangai,-0.61625483,37.29633092876298
Embu,Runyenjes,Central,-0.434949524,37.57154584856842
Nairobi,Kilimani,Kilimani,-1.286982314,36.78438180851205
Nyeri,Othaya,Karima,-0.538188849,36.97242200812489
Trans Nzoia,Saboti,Matisi,0.9980779056817792,34.97581335620071
Kiambu,Kikuyu,Uthiru,-1.250634142,36.71514419402013
Kirinyaga,Mwea,Nyangati,-0.590745073,37.34658470799798
Makueni,Kibwezi West,Kikumbulyu North,-2.255482145,38.01734465305238
Kiambu,Juja,Juja,-1.073573173,36.985890342309325
Kiambu,Gatundu North,Chania,-0.958003983,36.92637725855041
Trans Nzoia,Kiminini,Sikhendu,0.8443983837706468,34.83848524
Embu,Siakago,Muminji,-0.613539633,37.77151433
Machakos,Yatta,Ikombe,-1.273106249,37.62070489628709
Kisii,South Mugirango,Bogetenga,-0.79253801,34.64817900204584
Marsabit,Laisamis,Loiyangalani,2.8796452031907984,36.59008026
Kiambu,Ruiru,Gatongora,-1.196707232,37.05270890336619
Kakamega,Mumias East,East Wanga,0.3476091836029053,34.57320657296446
Nairobi,Kibra,Lindi,-1.314806976,36.79215977817881
Migori,Kuria West,Tagare,-1.168676267,34.47328024124416
Machakos,Mavoko,Muthwani,-1.359739383,37.07740439604708
Garissa,Dadaab,Labasigale,0.1550144567648365,40.23593611
Machakos,Masinga,Ndithini,-0.867096648,37.30364114512019
Bomet,Bomet Central,Singorwet,-0.721252238,35.35539166107949
Meru,Cental Imenti,Mwanganthia,-0.029601611,37.76246028003074
Kisumu,Muhoroni,Ombeyi,-0.108692494,34.92168620835589
Machakos,Mwala,Muthetheni,-1.498594744,37.530679908896765
Trans Nzoia,Endebess,Endebess,1.051200159623811,34.80062030746074
Bungoma,Tongaren,Tongaren,0.7933603695011151,34.96024894247451
Murang'a,Kangema,Kanyenyaini,-0.698604531,36.88188233328424
Kajiado,Kajiado North,Ongata Rongai,-1.39967204,36.77257544
Vihiga,Hamisi,Tambua,0.019474345,34.77970686327647
Meru,Buuri,Kisima,0.1488333696114624,37.39342547939295
Nakuru,Subukia,Kabazi,-0.103609653,36.13107705378266
Nyamira,Kitutu Masaba,Manga,-0.633322098,34.85888201957984
Kakamega,Butere,Marama West,0.2442988274145562,34.56814857717452
Machakos,Masinga,Ekalakala,-0.985634308,37.51131169184129
Bungoma,Bumula,Siboti,0.6495949905061011,34.46664395693158
Murang'a,Kigumo,Kinyona,-0.759559269,36.89138376615216
Uasin Gishu,Soy,Segero/Barsombe,0.8975468109528822,35.29724371513897
Turkana,Turkana South,Katilu,2.255588806,35.522896417114794
Busia,Butula,Marachi Central,0.3474459936495334,34.27556617010538
Homa Bay,Suba South,Kaksingri West,-0.558717036,34.155114711058744
Nyeri,Nyeri Town,Ruring'U,-0.437271752,37.00413615
Embu,Runyenjes,Kyeni South,-0.446316328,37.64719663
Nyamira,North Mugirango,Magwagwa,-0.473695741,35.021763176493266
Mombasa,Mvita,Majengo,-4.056176429,39.66293005444793
Nyeri,Kieni,Mugunda,-0.180613255,36.754041608015086
Nyandarua,Ol Kalou,Karau,-0.319331465,36.340264629341085
Uasin Gishu,Soy,Moi'S Bridge,0.891609503,35.16615530151614
Homa Bay,Suba South,Ruma Kaksingri East,-0.614994205,34.25696141807894
Kakamega,Malava,Chemuche,0.437259898,34.88458637785698
Bomet,Sotik,Kipsonoi,-0.769191081,35.17241554640962
Bungoma,Kanduyi,Bukembe East,0.5806255017025521,34.66107366
Kiambu,Gatundu North,Mang'U,-0.989964995,36.94186184
Meru,Buuri,Nkuene,-0.050250054,37.33693066088726
Kakamega,Malava,South Kabras,0.3751681888358724,34.80913878175498
Nairobi,Embakasi North,Dandora Area Ii,-1.251475796,36.897363997716354
Nairobi,Dagoretti,Riruta,-1.292128069,36.736464431215566
Kisii,Bomachoge Borabu,Magenche,-0.928203925,34.71867602829032
Trans Nzoia,Saboti,Machewa,0.8935043414259425,34.82699182965009
Nairobi,Dagoretti,Ngando,-1.300817524,36.74426718463975
Narok,Narok South,Melelo,-0.898276805,35.61652432199491
Homa Bay,Suba North,Rusinga Island,-0.405290994,34.17091751788187
Narok,Narok North,Nkareta,-0.940729233,35.82299818594097
Bungoma,Kanduyi,Sang'Alo West,0.5129366983251173,34.58644574
Kakamega,Navakholo,Bunyala East,0.4526236159933374,34.706724811717976
Bungoma,Kanduyi,Township,0.5871661037562448,34.55731229354576
Kisii,Nyaribari Masaba,Masimba,-0.869175791,34.95170773980952
Kitui,Kitui South,Mutha,-1.74709293,38.69810994604394
Kwale,Matuga,Mkongani,-4.256208324,39.281784484944005
Trans Nzoia,Saboti,Kinyoro,0.9968230133448648,34.83346746219054
Machakos,Kangundo,Kangundo East,-1.3589571,37.38348582086692
Kisumu,Nyando,Kabonyo/Kanyagwal,-0.22628371,34.841691449897354
Kisumu,Nyakach,South West Nyakach,-0.381838289,34.91108660578723
Trans Nzoia,Cherangany,Sinyerere,1.1264936076630143,35.13136123167448
Kakamega,Butere,Marama South,0.177799404,34.461367591588626
Kericho,Kipkelion West,Kamasian,-0.130072785,35.43158847783149
Kirinyaga,Mwea,Gathigiriri,-0.658959058,37.390435596121264
Siaya,Gem,East Gem,0.030857781,34.51978417956295
Uasin Gishu,Soy,Kipsomba,0.7744631461761834,35.18678246752563
Kiambu,Githunguri,Githiga,-1.072871881,36.72594884230538
Baringo,Molo,Molo,-0.222694077,35.75412722846253
Bomet,Konoin,Kimulot,-0.533856261,35.25564278839484
Nandi,Mosop,Sangalo/Kebulonik,0.3492759133757681,34.998939495753056
Nandi,Aldai,Kaptumo-Kaboi,0.093805367,35.063676869281935
Homa Bay,Suba North,Lambwe,-0.547065481,34.35899412633894
Kajiado,Kajiado South,Rombo,-3.059183898,37.73702928268908
Nyeri,Mathira,Konyu,-0.518321275,37.12394590336864
Kiambu,Lari,Kamburu,-1.026359804,36.74363451250054
Migori,Awendo,North Sakwa,-0.791353844,34.54364799317257
Kisumu,Kisumu East,Kajulu,-0.032577027,34.79179926823723
Murang'a,Gatanga,Kakuzi/Mitubiri,-1.017879033,37.23704932508871
Kisii,Bomachoge Chache,Boochi/Tendere,-0.806215452,34.72284918669672
Nandi,Mosop,Ndalat,0.5103157208687015,35.106850334025395
Embu,Manyatta,Ruguru/Ngandori,-0.421420859,37.471147197010026
Kericho,Kipkelion East,Tendeno/Sorget,-0.043995153,35.51710057035382
Mandera,Lafey,Lafey,3.1997477985018965,41.21692933292693
Kilifi,Malindi,Ganda,-3.247477379,40.07281797058426
Bungoma,Tongaren,Soysambu/Mitua,0.7815026653646542,35.027082643711665
Kisii,Kitutu Chache South,Nyatieko,-0.643717214,34.795097632479724
Bomet,Bomet Central,Ndaraweta,-0.680013648,35.37283522675785
Homa Bay,Kasipul,West Kamagak,-0.499961216,34.73831148273147
Kisii,Nyaribari Chache,Bobaracho,-0.710044504,34.807514295642406
Meru,Cental Imenti,Abothuguchi Central,-0.022122357,37.679555517861615
Siaya,Gem,West Gem,0.031630844,34.41251949106083
Turkana,Turkana East,Kapedo/Napeitom,1.469349155980014,36.20277320885896
Murang'a,Maragwa,Makuyu,-0.913796423,37.24064101770735
Kisii,Kitutu Chache South,Nyakoe,-0.627347169,34.764086877441486
Kajiado,Kajiado South,Kimana,-2.787497564,37.48591099814242
Nyeri,Tetu,Wamagana,-0.481272823,36.919399747639694
Taita Taveta,Mwatate,Bura,-3.547153496,38.21457608924764
Homa Bay,Homa Bay,Homa Bay East,-0.589122233,34.516004872318604
Kitui,Kitui East,Endau/Malalani,-1.27209641,38.71124214371761
Homa Bay,Rangwe,Kagan,-0.514181159,34.600524939811244
Uasin Gishu,Soy,Huruma,0.5283455623940558,35.25052263700347
Kitui,Mwingi East,Waita,-0.802448429,38.139229336210384
Bungoma,Kabuchai,Bwake/Luuya,0.6598150672235371,34.629498066956096
Vihiga,Sabatia,Wodanga,0.1039393098920575,34.79496577645453
Nyeri,Mathira,Ruguru,-0.292095906,37.18740666222144
Nakuru,Gilgil,Gilgil,-0.472278245,36.30304408509005
Migori,Suna West,Wasimbete,-1.12883351,34.32883718822258
Kakamega,Malava,West Kabras,0.4154743316466711,34.75630544080269
Bomet,Belgut,Chaik,-0.425914989,35.34674498025681
Homa Bay,Karachuonyo,Central,-0.382521277,34.60767401
Makueni,Kibwezi East,Thange,-2.565181485,37.95194407946902
Uasin Gishu,Kapseret,Ngeria,0.3971030639231307,35.26152247197593
Mombasa,Changamwe ,Kipevu,-4.043617707,39.62333949189356
Kajiado,Kajiado Central,Matapato South,-2.409601109,36.77739703851401
Nairobi,Embakasi West,Dandora Area I,-1.258369905,36.88884070064295
Meru,Buuri,Nanyuki,0.022769716,37.093582581167176
Kilifi,Kilifi South,Junju,-3.827489275,39.77487569821516
Murang'a,Kiharu,Mbiri,-0.733663269,37.18893182083217
Nairobi,Langata,Laini Saba,-1.313497637,36.80716389486984
Kisumu,Kisumu West,North West Kisumu,-0.023273221,34.61727232016285
Nyeri,Kieni,Gakawa,-0.080776007,37.09174895765387
Siaya,Alego Usonga,Central Alego,0.081206299,34.22818159270703
Makueni,Makueni,Muvau/Kikuumini,-1.852344367,37.64710235687128
Bungoma,Mt. Elgon,Kaptama,0.963986079,34.609022522932044
Nakuru,Gilgil,Murindati,-0.460849596,36.35346442545256
Nyeri,Nyeri Town,Kiganjo/Mathari,-0.391853395,36.96730019502808
Trans Nzoia,Cherangany,Sitatunga,1.0648515515772834,35.09768217688679
Kericho,Kipkelion East,Londiani,-0.13433294,35.55497102540319
Murang'a,Mathioya,Kamacharia,-0.603800767,37.00820136724516
Nyeri,Kieni,Gatarakwa,-0.329067531,36.73668888800707
Kitui,Kitui South,Ikanga/Kyatune,-1.72751332,38.07477642718296
Nyamira,Borabu,Nyansiongo,-0.760053973,35.00619511239281
Bungoma,Kabuchai,West Nalondo,0.6308063299067382,34.57750946163449
Nyeri,Kieni,Naromoru Kiamathaga,-0.157148079,37.10051847037813
Siaya,Ugunja,Ugunja,0.1908815322237294,34.28331626371607
Bungoma,Webuye West,Misikhu,0.6945839574238214,34.721326
Bungoma,Webuye East,Maraka,0.5782143161097982,34.75777461547208
Kiambu,Lari,Nyanduma,-0.988739905,36.736672473178025
Machakos,Yatta,Kithimani,-1.166270946,37.45575236415253
Kakamega,Shinyalu,Isukha Central,0.2247298108335177,34.82395926089402
Kitui,Mwingi North,Tharaka,-0.367107116,38.04330006525117
Murang'a,Kandara,Gaichanjiru,-0.871361421,37.04932641291334
Kwale,Kinango,Kinango,-4.08905343,39.422793762419154
Tharaka,Tharaka,Gatunga,-0.126002318,38.12301134
Narok,Kilgoris,Angata Barikoi,-1.346882151,34.79212606469474
Kakamega,Likuyani,Sango,0.7354222609793138,35.07718020713213
Machakos,Matungulu,Matungulu East,-1.211997022,37.34172893111522
Nairobi,Kasarani,Ruai,-1.258090281,37.03728737520338
Kirinyaga,Ndia,Mutithi,-0.69799409,37.27820710005178
Kwale,Msambweni,Ramisi,-4.456833237,39.41123183064851
Nyamira,Kitutu Masaba,Rigoma,-0.743057388,34.936333905280776
Turkana,Turkana West,Kakuma,3.621835156386671,34.90478510405451
Bungoma,Tongaren,Mbakalo,0.7089506364406496,34.85791321
Busia,Budalangi,Bunyala North,0.1355330481684079,34.03937462218557
Kisumu,Kisumu Central,Kondele,-0.086797273,34.78048550415729
Embu,Runyenjes,Gaturi North,-0.435350829,37.51147541924451
Migori,Kuria East,Ntimaru East,-1.313389922,34.69759461544507
Nyandarua,Ndaragwa,Rurii,-0.21290093,36.37563559462988
Busia,Funyula,Nangina,0.2753676744125914,34.118814524433176
Kiambu,Lari,Lari/Kirenga,-1.027515707,36.64004453224453
Kiambu,Kiambu,Riabai,-1.161486421,36.8368599
Nandi,Aldai,Kabwareng,0.1084263727166619,34.89522219111457
Mandera,Lafey,Fino,3.424390968566179,41.27731176750135
Makueni,Makueni,Kitise/Kithuki,-2.017710068,37.8728216
Machakos,Yatta,Ndalani,-1.057985919,37.45797078631668
Nakuru,Gilgil,Malewa West,-0.65940341,36.363456336369886
Kericho,Sigowet/Soin,Soin,-0.221208296,35.15968384723231
Nakuru,Kuresoi North,Kamara,-0.139934049,35.668940834355524
Kirinyaga,Ndia,Kiine,-0.558881537,37.20381594151854
Nakuru,Kuresoi South,Kiptagich,-0.583291651,35.618289081732776
Kisii,Kitutu Chache North,Monyerero,-0.573727902,34.857459077297605
Nyeri,Nyeri Town,Rware,-0.417570046,36.94938644849368
Homa Bay,Kabondo Kasipul,Kabondo East,-0.4271764,34.94052119065964
Siaya,Alego Usonga,North Alego,0.096295236,34.328890060692466
Kisumu,Nyakach,North Nyakach,-0.277599328,34.966119049036045
Nairobi,Kibra,Woodley/Kenyatta Golf,-1.304152919,36.78947676
Meru,South Imenti,Igoji East,-0.177125624,37.69875325658823
Migori,Awendo,South Sakwa,-0.939811908,34.57089851023639
Kisumu,Muhoroni,Muhoroni/Koru,-0.176719617,35.25292029
Nyeri,Mukurweni,Mukurwe-Ini Central,-0.564154215,37.10673370686809
Bomet,Sotik,Kapletundo,-0.676804295,35.20844723882914
Homa Bay,Suba North,Gembe,-0.500593179,34.29923199
Makueni,Makueni,Wote,-1.797835862,37.58889283870666
Tharaka,Nithi,Karingani,-0.320542335,37.65824080366686
Nairobi,Embakasi North,Dandora Area Iv,-1.242220787,36.91355677273129
Kiambu,Thika Town,Hospital,-1.046398537,37.11596516
Bungoma,Webuye West,Sitikho,0.5334443179066273,34.698520600311824
Makueni,Kibwezi East,Ivingoni/Nzambani,-2.646640372,38.04492951
Tana River,Bura,Bangale,-0.416474841,38.92964175025613
Nyamira,Kitutu Masaba,Kemera,-0.674697863,34.830885879125624
Kisii,Bobasi,Sameta/Mokwerero,-0.779312109,34.76052024326482
Kisumu,Nyando,Ahero,-0.19550247,34.922615077704855
Kitui,Kitui East,Zombe/Mwitika,-1.438717265,38.29475839691536
Homa Bay,Ndhiwa,Kanyadoto,-0.788920662,34.33973404
Wajir,Wajir South,Dadaja Bulla,0.5809894689627763,40.84637989436099
Kisumu,Kisumu Central,Migosi,-0.073885511,34.78030119930656
Machakos,Masinga,Masinga Central,-0.981375052,37.63513707734958
Kakamega,Lurambi,Butsotso Central,0.2764329326094179,34.674370223099494
Kakamega,Malava,Shirugu-Mugai,0.4577033994881845,34.790366489017806
Kajiado,Kajiado South,Kuku,-2.83063119,37.73998521674074
Kwale,Kinango,Kasemeni,-4.001913797,39.43682509910989
Siaya,Rarieda,East Asembo,-0.12689147,34.397969516982286
Kiambu,Ruiru,Mwihoko,-1.215824203,36.98065356658368
Kiambu,Githunguri,Githunguri,-1.062870538,36.783392652922096
Nyamira,West Mugirango,Bogichora,-0.585409282,34.91912440521825
Kajiado,Kajiado South,Entonet/Lenkisim,-2.579465549,37.20503162377013
Kitui,Mwingi East,Kivou,-0.920917195,38.12652135955896
Homa Bay,Ndhiwa,North Kabuoch,-0.711435337,34.47951645957049
Vihiga,Hamisi,Muhudu,0.1574892550109129,34.836368956248975
Kiambu,Gatundu South,Kiamwangi,-1.029604323,36.87319441472572
Makueni,Kibwezi East,Mtito Andei,-2.701498735,38.29073059884716
Busia,Teso North,Ang'Urai North,0.7324922807658499,34.34561543221724
Murang'a,Kandara,Kagundu-Ini,-0.905338955,37.07054825259237
Kiambu,Kikuyu,Kikuyu,-1.253811649,36.66377394
Kakamega,Mumias West,Etenje,0.2744333322706316,34.43410571694238
Busia,Budalangi,Bunyala West,0.098221478,33.98574957
Kakamega,Likuyani,Kongoni,0.775101871,35.12613389985091
Busia,Teso South,Amukura East,0.5497426466101094,34.30192451512007
Nyandarua,Ndaragwa,Central,-0.066912257,36.54165607965164
Murang'a,Gatanga,Kariara,-0.817343093,36.80886748867315
Nairobi,Kasarani,Kasarani,-1.228663099,36.89157899179512
Siaya,Ugenya,East Ugenya,0.2696140626145282,34.31799579527094
Homa Bay,Kabondo Kasipul,Kabondo West,-0.42851664,34.85958910286453
Laikipia,Laikipia East,Olmoran,0.5699719285911705,36.41882991362996
Makueni,Kibwezi East,Masongaleni,-2.450351595,38.16143867967866
Bomet,Buret,Cheboin,-0.567510605,35.12813421959918
Kilifi,Rabai,Ruruma,-3.875847354,39.58891742595392
Kakamega,Ikolomani,Idakho Central,0.1909178453876574,34.689661701353614
Kakamega,Lugari,Chevaywa,0.5280298912942554,34.76021680463008
Homa Bay,Kasipul,Central Kasipul,-0.453454842,34.70437110985754
Homa Bay,Ndhiwa,Kanyikela,-0.793299436,34.37551587085389
Kisumu,Nyakach,Central Nyakach,-0.316288103,34.920201761126975
Nakuru,Bahati,Dundori,-0.243983905,36.199305605784645
Kirinyaga,Mwea,Wamumu,-0.736396443,37.37574711950087
Uasin Gishu,Soy,Ziwa,0.8330515276823126,35.2680145
Kiambu,Limuru,Bibirioni,-1.078492089,36.62556180845392
Murang'a,Thika Town,Township (Thika),-1.028187695,37.03299465530796
Kakamega,Shinyalu,Isukha East,0.2792400846676923,34.894144815675745
Kericho,Ainamoi,Kapsaos,-0.287544635,35.340182367609856
Bomet,Buret,Chemosot,-0.516039304,35.16873084229226
Nakuru,Bahati,Lanet/Umoja,-0.294220985,36.17749802431391
Kwale,Lunga Lunga,Vanga,-4.571016255,39.14826893502535
Nandi,Mosop,Kabisaga,0.4283180588920683,35.127019779220035
Nyeri,Mathira,Iriaini,-0.458404136,37.16433798907704
Kisii,South Mugirango,Borabu/Chitago,-0.908704066,34.680016243378326
Nyandarua,Kipipiri,Githioro,-0.494391346,36.467129262787225
Embu,Manyatta,Mbeti North,-0.537126256,37.48774063990266
Machakos,Yatta,Katangi,-1.418500793,37.72607745
Nandi,Chesumei,Chemundu/Kapng'Etuny,0.2319135693671842,35.08270778254501
Kakamega,Shinyalu,Murhanda,0.2669267375358443,34.81068173077367
Migori,Kuria East,Nyabasi West,-1.257781062,34.62769920634436
Bungoma,Kimilili,Kibingei,0.7765945911280671,34.67975784431388
Kitui,Kitui Rural,Kanyangi,-1.774404979,37.92940136742577
Laikipia,Laikipia East,Rumuruti Township,0.3049460894532559,36.47642856
Tharaka,Maara,Chogoria,-0.219141649,37.53001347684764
Kakamega,Mumias West,Musanda,0.2230451799392807,34.43733808283722
Nairobi,Westlands,Karura,-1.234678854,36.80778231257177
Embu,Runyenjes,Kagaari South,-0.490983019,37.61191555208502
Siaya,Bondo,North Sakwa,-0.090469008,34.30952655282394
Kakamega,Ikolomani,Idakho North,0.2280610924903773,34.679119399947446
Kericho,Kipkelion West,Chilchila,-0.166549921,35.36588950364431
Migori,Uriri,Central Kanyamkago,-0.936034735,34.461066579621686
Siaya,Gem,Yala Township,0.1006117861633184,34.53222837056295
Kiambu,Limuru,Ngecha Tigoni,-1.153218821,36.68697949176804
Kericho,Sigowet/Soin,Sigowet,-0.433548151,35.065648746017644
Kericho,Belgut,Kabianga,-0.432189581,35.129909623746165
Kilifi,Magarini,Garashi,-3.124883383,39.92657554934787
Makueni,Makueni,Mavindini,-1.850395557,37.80640004324365
Kwale,Kinango,Mackinnon-Road,-3.828895751,39.10574133754199
Kericho,Ainamoi,Ainamoi,-0.270568727,35.27728911570394
Migori,Suna West,Wasweta Ii,-1.098860552,34.40709746941791
Taita Taveta,Wundanyi,Werugha,-3.249284218,38.29450205736713
Laikipia,Laikipia North,Umande,0.201697385,37.12901915450526
Embu,Gachoka,Mavuria,-0.735450291,37.68634962
Bungoma,Mt. Elgon,Elgon,0.8387610608184389,34.695520338666995
Kiambu,Kiambaa,Cianda,-1.129852144,36.76395899046898
Kisumu,Kisumu East,Nyalenda B,-0.115169371,34.77381361106339
Meru,Tigania East,Athwana,0.3210925719562241,37.653434989802456
Kilifi,Rabai,Kambe/Ribe,-3.882596583,39.65918156742397
Nandi,Emgwen,Kapsabet,0.1650498771122758,35.07995465065274
Nyeri,Tetu,Aguthi-Gaaki,-0.49195256,37.01900595928708
Kirinyaga,Mwea,Thiba,-0.677158298,37.32743639031197
Tana River,Garsen,Garsen North,-2.021939954,40.02692990875231
Meru,Buuri,Kiirua/Naari,0.1602095500208555,37.564636956392064
Nyeri,Kieni,Kabaru,-0.254859522,37.14560582316265
Nandi,Aldai,Kemeloi-Maraba,0.018295107,34.89267493582802
Kisii,Nyaribari Masaba,Kiamokama,-0.822535479,34.905468490429065
Turkana,Turkana South,Kalapata,2.429423497167769,35.972124030864784
Kisii,Bobasi,Masige East,-0.829995325,34.79324736410653
Vihiga,Sabatia,Chavakali,0.1112794886700944,34.71541896364924
Bungoma,Tongaren,Ndalu/Tabani,0.851199917,34.97703242164637
Narok,Narok North,Olorropil,-0.767843192,35.96373282059852
Makueni,Kaiti,Kee,-1.729854706,37.36766832842844
Kisumu,Kisumu Central,Market Milimani,-0.108828281,34.75563666426598
Nyamira,North Mugirango,Ekerenyo,-0.518565745,34.99539867454081
Tharaka,Maara,Mitheru,-0.297747944,37.67823914
Kisumu,Kisumu East,Kolwa East,-0.114850753,34.82520250066736
Kericho,Ainamoi,Kapsoit,-0.297029179,35.21697453470402
Migori,Kuria West,Bukira Centrl/Ikerege,-1.195344092,34.56063695448572
Kisii,Bonchari,Riana,-0.669125137,34.664042653926685
Kisii,Nyaribari Chache,Kitutu Central,-0.663238017,34.76603321092509
Bungoma,Bumula,Kimaeti,0.6043124850913703,34.40553037703835
Nandi,Tinderet,Kapsimotwo,0.051872227,35.15699895263315
Bungoma,Webuye East,Ndivisi,0.7091332536083041,34.79618446172176
Nyandarua,Kinangop,Engineer,-0.632810322,36.561673793368286
Machakos,Mwala,Masii,-1.455537531,37.42973444074642
Vihiga,Vihiga,Central Maragoli,0.046147954,34.71906122706518
Uasin Gishu,Soy,Kimumu,0.5525730837419683,35.288565599135055
Migori,Kuria West,Nyamosense/Komosoko,-1.178783446,34.42525949075058
Murang'a,Kiharu,Wangu,-0.718810485,37.02462178060699
Taita Taveta,Voi,Kaloleni,-3.434618362,38.57157208
Tharaka,Tharaka,Marimanti,-0.173632451,37.94783165169908
Kisii,Nyaribari Chache,Birongo,-0.761524143,34.880341592264344
Makueni,Kibwezi West,Kikumbulyu South,-2.35712946,38.00207118604047
Nyeri,Othaya,Chinga,-0.585581954,36.89709740494808
Homa Bay,Ndhiwa,Kanyamwa Kologi,-0.63417679,34.40842845650154
West Pokot,Kacheliba,Suam,1.450830167170246,34.90626015
Bungoma,Tongaren,Naitiri/Kabuyefwe,0.7663155145418503,34.90327846324436
Migori,Nyatike,Kachien'g,-0.826453711,34.071119235546895
Kisumu,Kisumu West,Railways,-0.077945809,34.75177847612915
Machakos,Kangundo,Kangundo Central,-1.31026005,37.346331001644046
Uasin Gishu,Kapseret,Langas,0.4797888225519179,35.256146630359204
Murang'a,Maragwa,Nginda,-0.786827681,37.08084544762748
Makueni,Makueni,Emali/Mulala,-2.037940005,37.50378664
Busia,Butula,Marachi East,0.3819878915308776,34.37479828600396
Nakuru,Gilgil,Mbaruk/Eburu,-0.521016068,36.23465252478724
Embu,Siakago,Evurore,-0.493624352,37.81276879924759
Murang'a,Gatanga,Ithanga,-0.992609623,37.34651063456023
Mombasa,Likoni,Shika Adabu,-4.136747698,39.64231098380005
Kitui,Mwingi North,Mumoni,-0.596114971,37.99696896556804
Kajiado,Kajiado Central,Purko,-2.03197622,36.74302653838141
Busia,Teso South,Ang'Orom,0.4812735273753631,34.131997210213804
Kisumu,Kisumu East,Shaurimoyo Kaloleni,-0.101844145,34.78141948
Migori,Kuria West,Masaba,-1.136750711,34.544093172749136
Kirinyaga,Kirinyaga Central,Kerugoya,-0.496192952,37.28263476198992
Nyandarua,Ol Jorok,Kanjuiri Ridge,-0.299607525,36.27031638725504
Siaya,Ugunja,Sidindi,0.1667860416059187,34.390141826820845
Kiambu,Kiambaa,Nyadhuna,-1.193566398,36.74611857640854
Laikipia,Laikipia East,Marmanet,0.2798527780770685,36.365472637707136
Garissa,Balambala,Jara Jara,0.093214995,38.97431914815037
Bungoma,Webuye West,Matulo,0.6187783794861812,34.73657913300636
Nairobi,Ruaraka,Utalii,-1.255006108,36.86147897524164
Kericho,Kipkelion West,Kunyak,-0.127758714,35.294540398758734
Nandi,Chesumei,Kaptel/Kamoiywo,0.3005276293933104,35.05150785940265
Tharaka,Maara,Mwimbi,-0.222408168,37.75970241751996
Meru,Cental Imenti,Abothuguchi West,-0.032624618,37.51047416260852
Nyamira,Borabu,Esise,-0.809399134,35.03607280803252
Kisii,South Mugirango,Boikang'A,-0.822647227,34.66603722278924
Busia,Butula,Kingandole,0.3558582308392767,34.23684646
Bomet,Bomet East,Chemaner,-0.810699581,35.49198208227698
Kisii,South Mugirango,Tabaka,-0.740408948,34.65677326917082
Tana River,Garsen,Kipini East,-2.488712484,40.51884673592798
Murang'a,Kiharu,Mugoiri,-0.758399746,37.03380536630358
Kajiado,Kajiado Central,Ildamat,-1.854925374,36.72963537382172
Kakamega,Shinyalu,Isukha West,0.231779996,34.73873220533349
West Pokot,Kacheliba,Kodich,1.6184502128962537,35.04648794518282
Siaya,Gem,South Gem,-0.026726028,34.43860743
Nairobi,Kilimani,Gatina,-1.279329382,36.75519570588444
Uasin Gishu,Kesses,Racecourse,0.4772318771447821,35.28303733425393
Nyeri,Mathira,Kirimukuyu,-0.466223236,37.07785570827978
Bungoma,Webuye East,Mihuu,0.6442151680411436,34.79014637
Kisii,Nyaribari Chache,Keumbu,-0.738870113,34.84648219381419
Nyamira,Borabu,Kiabonyoru,-0.594506673,34.98867783506037
Murang'a,Maragwa,Kimorori/Wempa,-0.949329184,37.16425653669547
Kilifi,Kilifi South,Shimo La Tewa,-3.93645101,39.73597156130988
Makueni,Kaiti,Kilungu,-1.786588235,37.37689749
Kisii,Bonchari,Bogiakumu,-0.671631116,34.72996884266396
Nandi,Mosop,Kipkaren,0.5075268980312972,35.02413207010033
Laikipia,Laikipia North,Mukogondo East,0.3282929729944562,37.24908022666119
Homa Bay,Suba South,Gwassi North,-0.649468723,34.10121133705026
Kakamega,Shinyalu,Isukha North,0.3590461571683646,34.88379105
Busia,Teso South,Amukura Central,0.5300796150794108,34.249774190284526
Narok,Kilgoris,Keyian,-1.035429186,34.68339453054817
Busia,Teso North,Malaba South,0.6105985198548092,34.31506234261672
Nairobi,Kibra,Sarangombe,-1.312375355,36.77545984845901
Nandi,Chesumei,Kosirai,0.2747631850554483,35.139727001091885
Nairobi,Kibra,Makina,-1.309344999,36.78362006398345
Kisii,Kitutu Chache North,Kegogi,-0.534077707,34.84123443983197
Meru,South Imenti,Abogeta East,-0.126202133,37.70603541646935
Embu,Gachoka,Mbeti South,-0.658277739,37.54406957981762
Meru,Tigania East,Mikinduri,0.086050687,37.85659079668108
Kitui,Kitui South,Mutomo,-1.823034487,38.17924460066893
Bomet,Buret,Tebesonik,-0.549986472,35.08174643783224
Kiambu,Kikuyu,Sigona,-1.190147646,36.63817037532032
Busia,Teso South,Chakol South,0.5149051138228172,34.16510294584548
Vihiga,Sabatia,Lyaduywa/Izava,0.09529299,34.72068979613005
Kilifi,Malindi,Malindi Town,-3.215187827,40.08766912330545
Embu,Manyatta,Kithimu,-0.512255787,37.534026933855166
Nakuru,Kuresoi North,Kiptororo,-0.349108211,35.50560944838238
Kwale,Matuga,Waa,-4.161865256,39.58926215
Busia,Matayos,Busibwabo,0.4208154084164008,34.207883652862954
Nyandarua,Kipipiri,Geta,-0.408124806,36.579857777751805
Murang'a,Gatanga,Mugumo-Ini,-0.983248502,37.03048163111561
Kajiado,Kajiado Central,Dalalekutuk,-1.95097724,36.92304321495244
Marsabit,Moyale,Sololo,3.553016836758799,38.68173557502172
Kitui,Kitui South,Kanziko,-1.993937899,38.348321137870805
Embu,Gachoka,Kiambere,-0.719392463,37.82287904496193
Nakuru,Kuresoi South,Keringet,-0.467822099,35.69024976
Uasin Gishu,Turbo,Kapsaos,0.5635478030603528,35.22945416470704
Kisii,Bobasi,Bobasi Bogetaorio,-0.896528913,34.830569485036975
Kirinyaga,Gichugu,Kabare,-0.483462944,37.31391062240999
Nandi,Emgwen,Kilibwoni,0.2196564543376516,35.201456280934025
Nairobi,Starehe,Ziwani/Kariokor,-1.281663406,36.837897323516174
Migori,Nyatike,Kaler,-1.072223826,34.23809537761851
Nairobi,Starehe,Landimawe,-1.303489984,36.84135199190776
Kisumu,Seme,North Seme,-0.055277912,34.51084837042443
Kiambu,Gatundu North,Githobokoni,-0.876555111,36.74653730435684
Kiambu,Githunguri,Komothai,-1.03752098,36.83634771401484
Migori,Kuria West,Makerero,-1.228249056,34.50636732433175
Machakos,Mwala,Wamunyu,-1.409006799,37.57947530624244
Nandi,Aldai,Kobujoi,0.040093647,34.971222405268826
Lamu,Lamu East,Kiunga,-1.810148915,41.37231493688214
Meru,Tigania East,Muthara,0.3504731620016464,37.70106939940568
Kilifi,Magarini,Sabaki,-3.180031782,40.10731081738022
Uasin Gishu,Ainabkoi,Kaptagat,0.4229462459088742,35.42462893931707
Lamu,Lamu East,Basuba,-1.851041877,41.01524004
Tharaka,Tharaka,Chiakariga,-0.288002638,37.904290004907885
Kajiado,Kajiado Central,Matapato North,-2.197521067,36.827159551978646
Nakuru,Subukia,Waseges,0.098783835,36.23732144517553
Kiambu,Kiambu,Ting'ang'a,-1.137964484,36.85655938427646
Bomet,Bomet Central,Mutarakwa,-0.773090764,35.250129551112614
Kilifi,Kaloleni,Mariakani,-3.836121812,39.47116875194005
Nairobi,Dagoretti,Uthiru/Ruthimitu,-1.272515591,36.70619048761487
Siaya,Ugenya,West Ugenya,0.209104397,34.14910763125302
Kericho,Kipkelion East,Chepseon,-0.296740004,35.402065031533446
Kwale,Lunga Lunga,Dzombo,-4.453000463,39.21814409
Kisumu,Kisumu West,Kisumu North,-0.038010993,34.715690451973025
Kilifi,Kilifi South,Chasimba,-3.721712646,39.72577876247538
Makueni,Mbooni,Kithungo/Kitundu,-1.636855358,37.45239663228766
Taita Taveta,Mwatate,Chawia,-3.928922182,38.36385641307101
Taita Taveta,Taveta,Bomeni,-3.407635904,37.68466465037618
Kwale,Kinango,Chengoni/Samburu,-3.83834287,39.23895506779797
Nairobi,Makadara,Viwandani,-1.305376395,36.87249835537485
Meru,Buuri,Timau,0.023294117,37.19220933542776
Nairobi,Dagoretti,Mutuini,-1.294802274,36.69791594753025
Meru,South Imenti,Igoji West,-0.183031188,37.62431075060736
Kisumu,Muhoroni,Miwani,-0.056542712,34.93125058940447
Narok,Narok South,Loita,-1.846514006,35.853882450544035
Busia,Funyula,Ageng'A Nanguba,0.231508134,34.06138927405035
Nairobi,Langata,Mugumo-Ini,-1.372291048,36.85005092903125
Kisii,Nyaribari Masaba,Nyamasibi,-0.843396384,34.97151034200757
Busia,Budalangi,Bunyala South,0.035730033,34.00730951838571
Kakamega,Mumias East,Mumias North,0.358215733,34.52620278246616
Nyeri,Othaya,Mahiga,-0.506240554,36.76852805
Busia,Nambale,Bukhayo Central,0.4297857965438737,34.30571008142268
Kirinyaga,Gichugu,Ngariama,-0.443354655,37.39704193
Kitui,Kitui East,Chuluni,-1.46938567,38.13607347734941
Bungoma,Bumula,West Bukusu,0.5972736218316937,34.47856388940913
Kericho,Ainamoi,Kipchebor,-0.380681071,35.26248477366442
Nairobi,Dagoretti,Waithaka,-1.285414154,36.71883017705551
Kakamega,Lurambi,Butsotso East,0.3236867506899156,34.74662789
Bomet,Sotik,Rongena/Manaret,-0.714202914,35.08674146922563
Kakamega,Likuyani,Nzoia,0.8247804317999173,35.07552568173878
Kirinyaga,Gichugu,Njukiini,-0.510464721,37.39954935855677
Kakamega,Lurambi,Sheywe,0.2975012615480877,34.7511595
Taita Taveta,Taveta,Chala,-3.262245959,37.752558423406185
Homa Bay,Karachuonyo,North Karachuonyo,-0.364010367,34.54065585116609
Kiambu,Gatundu North,Gituamba,-0.899297088,36.85039579
Embu,Manyatta,Gaturi South,-0.481034487,37.50288828822077
Murang'a,Kangema,Muguru,-0.68777394,37.01668797801653
Kisii,Nyaribari Chache,Kiogoro,-0.744677889,34.79224016841318
Kakamega,Lurambi,Butsotso South,0.2335476954502178,34.625999389325365
Bungoma,Kabuchai,Mukuyuni,0.7596356636716667,34.62049935712143
Bungoma,Sirisia,Malakisi/South Kulisiru,0.7247147225292032,34.48622245422269
Kilifi,Kilifi North,Mnarani,-3.695912616,39.824722241395904
Kisumu,Seme,West Seme,-0.135300778,34.46522677699068
Siaya,Alego Usonga,Usonga,0.068168461,34.09798383051492
Uasin Gishu,Soy,Soy,0.7146345647436159,35.24413264747169
Bomet,Konoin,Chepchabas,-0.477207259,35.25730872904365
Nyandarua,Ndaragwa,Shamata,-0.21270353,36.558933
Trans Nzoia,Kiminini,Hospital,1.016832094700606,35.03903517860855
Bomet,Buret,Kapkatet,-0.618326057,35.194326138649565
Bomet,Buret,Kisiara,-0.491962901,35.10603052754551
Taita Taveta,Wundanyi,Mwanda/Mgange,-3.369751002,38.275719209687225
Kakamega,Mumias East,Lubinu/Lusheya,0.2999474273103871,34.53759925437234
Nakuru,Rongai,Solai,0.077927335,36.16077165598944
Marsabit,North Horr,Illeret,4.085364870097739,36.31543153755508
Samburu,Samburu West,Loosuk,1.0993372503381726,36.51716944748017
Migori,Uriri,South Kanyamkago,-0.988433306,34.514441640902525
Busia,Teso North,Malaba Central,0.6314239644913431,34.291390509235384
Kirinyaga,Gichugu,Karumandi,-0.444162606,37.349503469589024
Nairobi,Ruaraka,Babadogo,-1.243447709,36.88003028468881
Mandera,Mandera West,Dandu,3.436071613705081,39.91945357208264
Busia,Teso South,Chakol North,0.5606904369862736,34.18810187176944
Uasin Gishu,Moiben,Tembelio,0.5623768411239854,35.42057835
Siaya,Rarieda,West Uyoma,-0.273162867,34.29142863938655
Machakos,Mwala,Makutano/Mwala,-1.342778118,37.472149393771154
Homa Bay,Suba South,Gwassi South,-0.702865501,34.15188605
Kisumu,Nyakach,South East Nyakach,-0.372005579,34.976209841881825
Kakamega,Matungu,Koyonzo,0.3688307568770782,34.418508674331925
Kakamega,Ikolomani,Idakho South,0.1510791119718429,34.70433010954108
Kisii,Bobasi,Bobasi Central,-0.834949414,34.84211579495707
Kwale,Msambweni,Kinondo,-4.381746028,39.49216485381582
Bomet,Bomet Central,Chesoen,-0.693267513,35.287109195362824
Nyeri,Othaya,Iria-Ini,-0.547567305,36.89980476229968
Kiambu,Juja,Kalimoni,-1.145426313,37.10066098601963
Kakamega,Shinyalu,Isukha South,0.2072527670693755,34.782451067106145
Bomet,Sotik,Ndanai/Abosi,-0.871749401,35.09180679748736
Murang'a,Maragwa,Ichagaki,-0.808443305,37.12093545233397
Kiambu,Juja,Witeithie,-1.064510887,37.03399440644246
Kiambu,Juja,Gitothua,-1.131314761,36.91392289568049
Nyeri,Tetu,Dedan Kimanthi,-0.423085821,36.83466333499556
Laikipia,Laikipia North,Sosian,0.6111092665109759,36.65883320779272
Mandera,Lafey,Warankara,3.404098966523775,41.033678951244205
Nairobi,Westlands,Kitisuru,-1.249531615,36.75335325372911
Homa Bay,Kabondo Kasipul,Kojwach,-0.490678248,34.84476051673927
Kisii,Bonchari,Bomorenda,-0.694853368,34.70931405
Kisumu,Kisumu West,Central Kisumu,-0.074151872,34.71197853422195
Vihiga,Luanda,Emabungo,0.020428521,34.62683411010996
Nandi,Nandi Hills,Kapchorua,0.082707523,35.32858569311584
Kilifi,Kilifi North,Tezo,-3.534543501,39.88674041897553
Nairobi,Makadara,Harambee,-1.287503945,36.87630714
Uasin Gishu,Moiben,Karuna/Meibeki,0.8205961531235821,35.43864187013845
Nandi,Aldai,Koyo-Ndurio,0.021841341,35.04792158969019
Nandi,Chesumei,Lelmokwo/Ngechek,0.3459224927085532,35.17895930775844
Migori,Rongo,South Kamagambo,-0.880270579,34.60726190195548
Kakamega,Matungu,Kholera,0.4258157978165077,34.50402220851152
Vihiga,Sabatia,West Sabatia,0.1287019517281673,34.72738793582821
Nyamira,West Mugirango,Bosamaro,-0.639348423,34.93856322034292
Nandi,Emgwen,Kapkangani,0.1982915028461885,34.960620798962324
Murang'a,Mathioya,Gitugi,-0.656019118,37.00136765509137
Nyeri,Mukurweni,Rugi,-0.595670073,37.11284781994022
Kajiado,Kajiado West,Mosiro,-1.502831245,36.168120161177306
Embu,Manyatta,Nginda,-0.315194081,37.42106684724826
Nakuru,Kuresoi North,Sirikwa,-0.266153508,35.67733263161225
Kilifi,Rabai,Mwawesa,-3.927152916,39.61950435707914
Nairobi,Embakasi East,Mihango,-1.280624926,36.94946086807302
Uasin Gishu,Turbo,Ngenyilel,0.5824489245715031,34.953913788896145
Murang'a,Kandara,Muruka,-0.926188568,37.05552092200584
Kisii,Bobasi,Nyacheki,-0.887092532,34.878210446053444
Nyandarua,Kinangop,Magumu,-0.853544164,36.57919121544101
Migori,Kuria East,Nyabasi East,-1.263965012,34.666007501556415
Kakamega,Lugari,Lugari,0.6781686419009388,34.92712803243489
Nairobi,Kasarani,Njiru,-1.250883503,36.925566662409786
Turkana,Turkana East,Katilia,2.3235777704845013,36.36661916559137
Machakos,Kangundo,Kangundo West,-1.364999312,37.32900882784158
Narok,Emurua Dikirr,Ololmasani,-0.934381766,35.04038489928625
Kakamega,Ikolomani,Idakho East,0.1681103291617576,34.76255221766977
Kwale,Lunga Lunga,Pongwekikoneni,-4.531132637,39.32687679129272
Kajiado,Kajiado West,Keekonyokie,-1.57537855,36.53545821284145
Kericho,Sigowet/Soin,Kaplelartet,-0.357126471,35.064312987458926
Kisii,Bobasi,Bobasi Chache,-0.737833203,34.74525561359473
Mandera,Mandera West,Takaba,3.53034572,40.08789339113298
Nakuru,Bahati,Kabatini,-0.208199122,36.15834513335239
Kisumu,Nyakach,West Nyakach,-0.340966827,34.832052261628554
Machakos,Machakos Town,Mumbuni North,-1.48924826,37.26272735
Murang'a,Kiharu,Gaturi,-0.663474262,37.11744582893864
Tana River,Bura,Sala,-0.576827988,39.60581603972015
Bungoma,Kimilili,Maeni,0.8034830719214265,34.748002148353834
Kiambu,Juja,Murera,-1.092466186,36.93996508005254
Vihiga,Sabatia,North Maragoli,0.093231854,34.76423933856496
Machakos,Matungulu,Kyeleni,-1.147102206,37.20923892910943
Murang'a,Kangema,Murarandia,-0.733686392,36.92542365924668
Kiambu,Lari,Kijabe,-0.963159411,36.648614232804896
Kiambu,Juja,Theta,-1.151487891,37.01519045683142
Nairobi,Embakasi West,Umoja I,-1.282544111,36.88749660043007
Makueni,Mbooni,Kalawa,-1.689228342,37.75483006375988
Kajiado,Kajiado North,Nkaimurunya,-1.365998969,36.70188533963723
Kajiado,Kajiado East,Imaroro,-1.942582714,37.12496116974636
Kisumu,Kisumu East,Terik,0.01525458,34.82129769940274
Kericho,Ainamoi,Kipchimchim,-0.328136404,35.27436708915378
Bungoma,Kanduyi,Musikoma,0.5455006098055794,34.53578637816041
Kisii,Kitutu Chache South,Bogusero,-0.587093517,34.72658132319268
Nakuru,Kuresoi South,Amalo,-0.620609611,35.663535056363195
Homa Bay,Kasipul,South Kasipul,-0.524418695,34.71985531260496
Kakamega,Navakholo,Ingostse-Mathia,0.358013675,34.73248627132889
Makueni,Mbooni,Tulimani,-1.572674117,37.40648919449541
Machakos,Mwala,Kibauni,-1.543334424,37.66961967647909
Uasin Gishu,Kapseret,Megun,0.3401283556174654,35.285659547397046
Nandi,Nandi Hills,Ol'Lessos,0.1835564909660222,35.307829249643504
Laikipia,Laikipia East,Githiga,0.4382567492044433,36.29128800521625
Kericho,Kipkelion East,Kedowa/Kimugul,-0.222521665,35.57804122
Taita Taveta,Mwatate,Rong'E,-3.412359419,38.44988472929302
Migori,Kuria East,Kwa,-1.102409797,34.59736145896154
Vihiga,Hamisi,Jepkoyai,0.020554214,34.73863486209574
Uasin Gishu,Turbo,Tapsagoi,0.5938005953325758,35.072233982782485
Nyandarua,Ol Jorok,Mirangine,-0.191546828,36.24054446124154
Meru,Tigania West,Mbeu,0.056156267,37.81503473269675
Marsabit,Saku,Karare,2.2489433578627773,37.86978625
Meru,Igembe Central,Akirang'Ondu,0.3393306172832471,37.87858948265519
Bomet,Bomet East,Kipreres,-0.921678101,35.379916162446264
Murang'a,Maragwa,Kamahuha,-0.840634153,37.17045436759329
Makueni,Mbooni,Mbooni,-1.678779224,37.46168342623205
Homa Bay,Karachuonyo,Wangchieng,-0.36972125,34.74590361840091
Kwale,Matuga,Tsimba Golini,-4.162383107,39.50357447997639
Vihiga,Emuhaya,West Bunyore,0.073381179,34.57995686198372
Kisumu,Muhoroni,Chemelil,-0.074575304,35.14193331975599
Narok,Emurua Dikirr,Ilkerin,-1.037818228,35.092421650344505
Nandi,Chesumei,Kiptuya,0.1896952938155066,35.016795828848046
Kilifi,Kilifi South,Mwarakaya,-3.793933594,39.73258428110412
Migori,Kuria West,Bukira East,-1.195536814,34.61233144546595
Nyamira,North Mugirango,Bomwagamo,-0.515950032,34.94817029425029
Murang'a,Kigumo,Muthithi,-0.836763105,37.08815672486427
Nandi,Tinderet,Tindiret,-0.038913875,35.36411839787232
Migori,Awendo,West Sakwa,-0.837018307,34.50199009298538
Kericho,Belgut,Cheptororiet/Seretut,-0.421204887,35.194166157608365
Busia,Funyula,Bwiri,0.1788177646527426,34.05008062381707
Nakuru,Njoro,Lare,-0.416894143,36.00835957535047
Kakamega,Navakholo,Bunyala West,0.4040852309099664,34.62534671415592
Migori,Kuria East,Ntimaru West,-1.345950188,34.68603964756935
Nyamira,Kitutu Masaba,Gachuba,-0.706547168,34.88232538744783
Makueni,Mbooni,Kisau/Kiteta,-1.60708711,37.52200064903929
Laikipia,Laikipia North,Mukogondo West,0.4361766116928591,37.01143467370292
Meru,South Imenti,Abogeta West,-0.122426136,37.51153503046705
Bungoma,Bumula,Bumula,0.5320606138748986,34.43657949180255
Kirinyaga,Ndia,Kariti,-0.621214959,37.19274081312655
Kisii,Nyaribari Masaba,Gesusu,-0.866528957,34.90501165847891
Migori,Uriri,East Kanyamkago,-1.033601747,34.56949299633445
Kisii,Nyaribari Chache,Kisii Central,-0.704097701,34.76606467
Embu,Gachoka,Makima,-0.813224991,37.53608898255364
Meru,Tigania West,Akithii,0.1993009621164481,37.74206248876562
Kakamega,Lurambi,Mahiakalo,0.2948318869680438,34.77774915760881
Kiambu,Kikuyu,Nachu,-1.25272859,36.58276943631034
Nakuru,Bahati,Bahati,-0.160238724,36.14397424152168
Bungoma,Kimilili,Kimilili,0.7517317979930866,34.72930886341282
Garissa,Dadaab,Dertu,0.001483579,39.79481172896099
Kisumu,Kisumu Central,Manyatta 'B',-0.097172556,34.76959919763825
Kakamega,Lugari,Lumakanda,0.6460092681192773,34.99086839515482
Migori,Kuria West,Isibania,-1.237342812,34.48050657
Busia,Budalangi,Bunyala Central,0.069722997,34.043265230766984
Bungoma,Mt. Elgon,Chepyuk,0.8636635193312399,34.565912541299475
Kakamega,Matungu,Namamali,0.4395772536890514,34.40739786645402
Nakuru,Subukia,Subukia,-0.014978866,36.20347710717418
Uasin Gishu,Turbo,Kiplombe,0.6268911613675164,35.230699164199294
Kitui,Kitui South,Ikutha,-2.042875483,38.21791227
Kisii,Kitutu Chache North,Sensi,-0.571816276,34.81226220790931
Nairobi,Kilimani,Kabiro,-1.281712666,36.73837340481548
Busia,Butula,Elugulu,0.3665085936711874,34.31038713599002
Kajiado,Kajiado East,Kitengela,-1.547534091,36.88122802078907
Kirinyaga,Mwea,Tebere,-0.693368298,37.399561570541294
Uasin Gishu,Moiben,Sergoit,0.6406505148845574,35.36774270931312
Kiambu,Githunguri,Ngewa,-1.077580179,36.839487319603286
Nyeri,Mathira,Magutu,-0.407240881,37.14108338
Makueni,Kibwezi West,Nguumo,-2.321821785,37.882224405353256
Kakamega,Malava,East Kabras,0.3984846838973098,34.90314243
Kiambu,Gatundu South,Ndarugu,-0.941114744,36.80521724403309
Taita Taveta,Mwatate,Wusi/Kishamba,-3.448902152,38.36210730102357
Nyamira,Kitutu Masaba,Gesima,-0.701331079,34.97200416521322
Narok,Emurua Dikirr,Kapsasian,-0.986219454,35.13825564323999
Narok,Narok South,Ololulung'a,-0.969084429,35.65232364959807
Kwale,Matuga,Kubo South,-4.34593974,39.36325320162989
Kwale,Msambweni,Gombatobongwe,-4.286067678,39.53410409195523
Baringo,Tiaty,Tirioko,1.359817184865889,35.85305173475019
Baringo,Tiaty,Silale,1.049907343,36.15455300386171
Baringo,Tiaty,Ribkwo,1.0297280003543468,35.95844354198474
Baringo,Tiaty,Kolowa,1.1036984357030863,35.782131674595995
Baringo,Baringo North,Bartabwa,0.872123089,35.79691146411548
Baringo,Baringo North,Barwessa,0.727929354,35.681915487089206
Baringo,Mogotio,Kisanana,0.1581079533636441,36.07776683195906
Baringo,Baringo South,Mochongoi,0.3482406221240143,36.14703464979121
Baringo,Baringo South,Mukutani,0.5542507170303036,36.17666216290261
Baringo,Tiaty,Churo/Amaya,0.7901211289304759,36.37992483528532
Baringo,Tiaty,Tangulbei/Korossi,0.7983441279277682,36.22820257263072
Baringo,Tiaty,Loiyamorock,0.8790551147765987,36.10391653008774
Baringo,Baringo Central,Kabarnet,0.5146159947730069,35.68544162117332
Baringo,Baringo Central,Kapropita,0.458100742,35.735784243547386
Baringo,Baringo Central,Sacho,0.3969836765605364,35.753675758529475
Baringo,Baringo Central,Tenges,0.2979672530277724,35.75770848331945
Baringo,Mogotio,Mogotio,0.091575878,35.866739910774314
Baringo,Mogotio,Emining,0.2567153843540695,35.95063576185369
Baringo,Baringo South,Marigat,0.4527291263438815,35.90394996792103
Baringo,Baringo Central,Ewalel Chapchap,0.5071522296478219,35.80874741956985
Baringo,Baringo North,Saimo/Soi,0.6971918952941295,35.92333047480925
Baringo,Baringo North,Saimo/Kipsaraman,0.6870641657462331,35.817090858793165
Baringo,Baringo North,Kabartonjo,0.6390816753224425,35.766216783983985
Baringo,Eldama Ravine,Lembus,0.1066498346607126,35.60416512
Baringo,Eldama Ravine,Lembus Kwen,0.1204146350459265,35.69234535731027
Baringo,Eldama Ravine,Lembus/Perkerra,0.097896991,35.79547406
Baringo,Eldama Ravine,Koibatek,-0.045303241,35.795552069765165
Baringo,Eldama Ravine,Ravine,0.040331989,35.73297643111412
Baringo,Eldama Ravine,Mumberes/Maji Mazuri,-0.031806468,35.66714552505493
Elgeyo-Marakwet,Marakwet West,Sengwer,1.1156378125651136,35.27093966635775
Elgeyo-Marakwet,Marakwet East,Endo,1.202665926313261,35.65598532059495
Elgeyo-Marakwet,Marakwet East,Embobut /Embulot,1.2109548182416432,35.56914739252276
Elgeyo-Marakwet,Marakwet West,Arror,0.9427610065652556,35.61003952402457
Elgeyo-Marakwet,Marakwet West,Cherang'Any/Chebororwa,0.9726221581570867,35.38845502
Elgeyo-Marakwet,Marakwet West,Lelan,1.073729638235538,35.40431144966506
Elgeyo-Marakwet,Marakwet East,Kapyego,1.1215923189591883,35.499406897043585
Elgeyo-Marakwet,Marakwet East,Sambirir,1.0690841780195386,35.61169353995611
Elgeyo-Marakwet,Marakwet West,Kapsowar,0.9541968569658208,35.55285432
Elgeyo-Marakwet,Marakwet West,Moiben/Kuserwo,0.93233418,35.48937447858874
Elgeyo-Marakwet,Keiyo North,Kapchemutwa,0.7626096121199981,35.50894978644466
Elgeyo-Marakwet,Keiyo North,Kamariny,0.6260206403713385,35.47201193
Elgeyo-Marakwet,Keiyo North,Tambach,0.6411612491359366,35.55800698843426
Elgeyo-Marakwet,Keiyo South,Soy North,0.4665938589210555,35.59020407103534
Elgeyo-Marakwet,Keiyo South,Kaptarakwa,0.4490545263081196,35.51427440893136
Elgeyo-Marakwet,Keiyo South,Kabiemit,0.2593653552238834,35.552799329377464
Elgeyo-Marakwet,Keiyo South,Metkei,0.1950439121498687,35.59419715344862
Elgeyo-Marakwet,Keiyo South,Soy South,0.2820573552720405,35.65456598731293
Elgeyo-Marakwet,Keiyo South,Chepkorio,0.3549148888558674,35.53016955706834
Garissa,Fafi,Jarajila,-0.438964472,40.72489707440761
Garissa,Ijara,Masalani,-1.734512106,40.27992956087355
Garissa,Ijara,Ijara,-1.666988504,40.57206412
Garissa,Ijara,Sangailu,-1.531197479,40.879304972000185
Garissa,Fafi,Dekaharia,-1.05691519,40.81729721183811
Garissa,Ijara,Hulugho,-1.353724671,41.16037893014786
Garissa,Balambala,Danyere,0.1608868349357528,38.844184688198126
Garissa,Balambala,Balambala,0.1794176284988522,39.20899940014056
Garissa,Balambala,Saka,-0.021954746,39.32037499063834
Isiolo,Isiolo North,Cherab,1.521219410308442,38.86449617503784
Isiolo,Isiolo South,Sericho,0.897982622,38.98024453466161
Isiolo,Isiolo South,Garbatulla,0.4914251055315363,38.558551580638486
Isiolo,Isiolo North,Burat,0.4374839968455548,37.47844917605574
Isiolo,Isiolo North,Wabera,0.3746323751585595,37.59210575897107
Isiolo,Isiolo North,Bulla Pesa,0.3453150711680183,37.58100885154267
Isiolo,Isiolo North,Oldonyiro,0.6391732466995284,37.134483993827885
Isiolo,Isiolo North,Ngare Mara,0.6613803312247095,37.903982475712944
Isiolo,Isiolo North,Chari,1.132064371104629,38.272123268417225
West Pokot,Kacheliba,Alale,2.398726221828348,35.096933163253475
West Pokot,Kapenguria,Endugh,1.7350724436851606,35.25912257789942
West Pokot,Kacheliba,Kasei,1.9758375814509752,35.26446214701781
West Pokot,Kacheliba,Kiwawa,2.1451749645915683,35.13794924097272
West Pokot,Sigor,Sekerr,1.7027462902011783,35.43456934593543
West Pokot,Kapenguria,Sook,1.5787250519338272,35.309432625478905
West Pokot,Sigor,Masool,1.5993719787071463,35.64866684476501
West Pokot,Sigor,Lomut,1.3756574948481195,35.594627969938315
West Pokot,Sigor,Weiwei,1.429839543967577,35.47551501
West Pokot,Pokot South,Tapach,1.2931255414889202,35.40524457563853
West Pokot,Pokot South,Batei,1.3895245560364415,35.336680102434784
West Pokot,Pokot South,Chepareria,1.4023560854893078,35.21989547136025
West Pokot,Kapenguria,Riwo,1.443155032835938,35.05242349
West Pokot,Kapenguria,Kapenguria,1.3179338107939282,35.099577338718525
West Pokot,Kapenguria,Siyoi,1.2266345119516722,35.1369586
West Pokot,Pokot South,Lelan,1.2092608298851375,35.29657678423092
Marsabit,North Horr,Dukana,3.981720704,37.145528955194585
Marsabit,Moyale,Uran,3.0869528100911534,38.59191573635885
Marsabit,Moyale,Obbu,3.1095887649229503,38.82944633984337
Marsabit,Moyale,Butiye,3.415544527,39.002968737693344
Marsabit,Moyale,Golbo,3.179467632085759,39.14849795555217
Marsabit,Laisamis,Korr/Ngurunit,1.9764570654767253,37.41162210704522
Marsabit,Laisamis,Laisamis,1.5990297954463453,37.905447113652336
Marsabit,Saku,Marsabit Central,2.4470247600176904,37.90801288164726
Marsabit,Saku,Sagante/Jaldesa,2.330734962612849,38.061752751506425
Marsabit,North Horr,Maikona,3.228226098503534,37.694357327428925
Marsabit,Moyale,Heilu-Manyatta,3.498655451254184,39.10865810861405
Mandera,Banissa,Malkamari,4.0792769376007385,40.73029956612453
Mandera,Banissa,Banissa,3.9479678298187393,40.36552299245045
Mandera,Banissa,Guba,3.951916069297447,40.53437009827464
Mandera,Banissa,Derkhale,3.8548463938112727,40.19191420626427
Mandera,Mandera West,Lag Sure,3.5914370947886947,40.21066813
Mandera,Mandera South,Shimbir Fatuma,2.994293319396235,40.58685142555103
Mandera,Mandera North,Guticha,3.631004732029273,40.59196164
Mandera,Mandera North,Rhamu-Dimtu,3.929720446,41.03008662873631
Mandera,Mandera North,Rhamu,3.851286223437516,41.18577794025013
Mandera,Lafey,Libehia,3.747510568638573,41.32728727439855
Mandera,Mandera East,Arabia,3.632501753083888,41.53529315672244
Mandera,Mandera East,Neboi,3.959395471539045,41.75437404919363
Mandera,Mandera East,Township,3.9480162227360207,41.862338408199534
Mandera,Mandera South,Elwak North,2.964697341302041,41.03504988226718
Mandera,Mandera South,Elwak South,2.888823414828779,40.84950308930827
Mandera,Mandera South,Kutulo,2.5683968957923886,40.79114790582914
Mandera,Mandera North,Morothile,3.7181867920760823,40.95947897997186
Turkana,Turkana North,Kibish,5.098161029012669,35.45084306340094
Turkana,Turkana North,Lapur,4.613459949346502,35.6975688
Turkana,Turkana North,Lake Zone,4.076177683925463,35.86045712551321
Turkana,Turkana West,Lokichoggio,4.2408075905879095,34.21193054311538
Turkana,Turkana West,Nanaam,4.4801456014083465,34.62842858380797
Turkana,Turkana West,Kalobeyei,3.842860520017153,34.46280808827526
Turkana,Turkana West,Songot,4.1813216891298985,34.79919985752619
Turkana,Turkana West,Lopur,3.876134901395674,34.97275833
Turkana,Turkana North,Nakalale,3.6643965479170095,35.178554753370015
Turkana,Turkana West,Letea,3.3843728434708464,34.61073976215802
Turkana,Loima,Lokiriama/Lorengippi,2.736111157894966,34.85698724618422
Turkana,Turkana North,Kaaleng/Kaikor,4.532687592770015,35.28041889670944
Turkana,Turkana Central,Lodwar Township,3.196783702032548,35.67049699915456
Turkana,Turkana Central,Kanamkemer,3.081726877,35.688983378122515
Turkana,Turkana Central,Kerio Delta,2.847808117647345,36.06613184997773
Turkana,Loima,Turkwel,3.172274399142472,35.32021086906182
Turkana,Loima,Kotaruk/Lobei,2.652232863488743,35.29927236459717
Turkana,Turkana South,Kaputir,2.175772564,35.386541514672864
Turkana,Turkana South,Lobokat,1.8900685209552857,35.60643514926103
Turkana,Turkana East,Lokori/Kochodin,1.956129939703454,36.03712866343508
Wajir,Wajir North,Korondile,2.8109780402175337,39.24608718711709
Wajir,Wajir West,Arbajahan,2.0393041361074298,39.30457768451757
Wajir,Wajir North,Danaba,3.107472041482189,39.76772063088832
Wajir,Tarbaj,Elben,2.6449903330498885,40.29070072574601
Wajir,Wajir North,Batalu,2.886666238934437,39.74707280917565
Wajir,Tarbaj,Wargadud,2.313784577659286,40.44414314
Wajir,Eldas,Elnur/Tula Tula,2.0556864783518303,39.73245668876677
Wajir,Wajir West,Hadado/Athibohol,1.5933784724201776,39.47454806830947
Wajir,Wajir West,Adamasajide,1.197315092660067,39.519230218700265
Wajir,Wajir South,Habasswein,0.7988028252778177,39.75459731
Wajir,Wajir South,Lagboghol South,1.135600080870687,40.01822529
Wajir,Wajir South,Ibrahim Ure,1.5632981772680272,40.45057686699485
Wajir,Wajir South,Burder,1.2126943428251835,40.52689127595875
Wajir,Wajir South,Benane,0.6012490366190166,40.40097898349349
Wajir,Wajir South,Diif,1.1542088655857217,40.87674578254711
Wajir,Wajir East,Khorof/Harar,1.9483384844902536,40.66073593404524
Wajir,Eldas,Della,2.418083788648996,39.69183294751866
Wajir,Wajir North,Malkagufu,2.6561385969725446,39.47850312257098
Wajir,Eldas,Eldas,2.460214869572181,39.49814677201951
Nakuru,Rongai,Soin,-0.050753723,35.98594525963665
Nakuru,Nakuru Town West,Kapkures,-0.323468677,36.02467563763586
Narok,Narok East,Mosiro,-1.230827421,36.08817780320936
Narok,Narok East,Suswa,-1.003724315,36.23197244061237
Narok,Narok East,Keekonyokie,-1.150881184,36.23773682690544
Kiambu,Githunguri,Ikinu,-1.102665179,36.805771524464255
Kiambu,Ruiru,Kiuu,-1.210545598,36.93268277762167
Kiambu,Kiambu,Township (Kiambu),-1.191692781,36.83719461795984
Kajiado,Kajiado West,Magadi,-1.896165656,36.23578353979464
Kajiado,Kajiado East,Oloosirkon/Sholinke,-1.471189746,36.83382894036485
Kitui,Kitui Rural,Kwavonza/Yatta,-1.353797836,37.77021838213098
Kitui,Kitui West,Kauwi,-1.197378593,37.84463729289352
Kitui,Kitui West,Mutonguni,-1.187779836,37.97661427571983
Kitui,Mwingi West,Kyome/Thaana,-0.978030111,37.93309816
Kitui,Kitui Rural,Kisasi,-1.595726942,37.98335866334712
Kitui,Kitui Rural,Mbitini,-1.548292641,38.08071215170269
Kitui,Kitui Central,Mulango,-1.504968583,37.960616538108894
Kakamega,Khwisero,Kisa West,0.1342052681783513,34.50151352
Kilifi,Ganze,Jaribuni,-3.616402711,39.67971256298736
Kilifi,Magarini,Adu,-2.860185425,39.67692499447925
Kilifi,Ganze,Sokoke,-3.323998448,39.656901762222894
Kilifi,Ganze,Ganze,-3.472952503,39.637743422409066
Mombasa,Nyali ,Mkomani,-2.316935276,40.85454428689318
Lamu,Lamu West,Shella,-2.279385462,40.94315173767263
Lamu,Lamu West,Hindi,-2.051470947,40.74695023116405
Lamu,Lamu West,Witu,-2.254928841,40.34842210821802
Lamu,Lamu West,Bahari,-2.411146864,40.74096447665371
Lamu,Lamu West,Mkunumbi,-2.149022277,40.54115869653479
Lamu,Lamu East,Faza,-2.105580998,41.06687397
Machakos,Machakos Town,Muvuti/Kiima-Kimwe,-1.550986982,37.299301045953456
Machakos,Kathiani,Kathiani Central,-1.411973194,37.31042449835585
Kiambu,Juja,Biashara,-1.152840069,36.94741098137442
Trans Nzoia,Endebess,Chepchoina,1.181571414277715,34.77212740598208
Trans Nzoia,Endebess,Matumbei,1.1042553639250765,34.74832626725997
Trans Nzoia,Kwanza,Kapomboi,1.115702635027172,34.935112817586536
West Pokot,Kapenguria,Mnagei,1.262551855277597,35.030662205208394
Trans Nzoia,Kwanza,Keiyo,1.216019531528115,34.961336466312254
Trans Nzoia,Kwanza,Kwanza,1.1378927122772526,35.03245765050462
Trans Nzoia,Cherangany,Motosiet,0.967254463,35.17609979362736
Trans Nzoia,Cherangany,Cherangany/Suwerwa,1.032189412205309,35.23660704061421
Trans Nzoia,Kiminini,Nabiswa,0.9169527840936322,34.907022182127164
Trans Nzoia,Kiminini,Waitaluk,0.9312433722315312,35.035636253649265
Trans Nzoia,Kiminini,Kiminini,0.8948238832985544,34.940614476494645
Migori,Nyatike,Kanyasa,-0.831878079,34.17139940232308
Migori,Nyatike,North Kadem,-0.902700013,34.16875421913319
Migori,Nyatike,Got Kachola,-0.99618627,34.175208819263986
Migori,Nyatike,Muhuru,-0.980408299,34.04007749414575
Migori,Nyatike,Macalder/Kanyarwanda,-0.979332994,34.26945474632684
Migori,Rongo,East Kamagambo,-0.731723086,34.57188631198324
Nyeri,Kieni,Mweiga,-0.337066909,36.92056033999164
Samburu,Samburu North,Nyiro,2.137702586210957,36.777712114446736
Samburu,Samburu East,Waso,1.0482211157790762,37.70307753846249
Samburu,Samburu East,Wamba East,1.0247689774087236,37.41607848641936
Samburu,Samburu East,Wamba West,0.8455861389818963,37.20256711429288
Samburu,Samburu North,Nachola,1.6814438383799626,36.59577540718592
Samburu,Samburu West,Maralal,1.0894434545813514,36.71317398004629
Samburu,Samburu North,Baawa,1.1173508751892651,36.89488037183983
Samburu,Samburu West,Lodokejek,0.8727388283620577,36.871384206809694
Samburu,Samburu West,Suguta Marmar,0.9002287325739251,36.57265013218551
Samburu,Samburu East,Wamba North,1.333720264784623,37.18172962474406
Siaya,Bondo,Yimbo East,-0.020535363,34.13181381546137
Taita Taveta,Wundanyi,Wundanyi/Mbale,-3.39023387,38.37885570598561
Taita Taveta,Mwatate,Mwatate,-3.62581302,38.410922658080125
Tana River,Garsen,Garsen South,-2.422905452,40.10556743651715
Tana River,Garsen,Kipini West,-2.547840451,40.25474514571317
Uasin Gishu,Kesses,Tarakwa,0.1026981676241489,35.435177113656344
Homa Bay,Rangwe,West Gem,-0.61896117,34.58143778695349
Homa Bay,Homa Bay,Homa Bay Central,-0.592749807,34.48383555857828
Homa Bay,Homa Bay,Homa Bay Arujo,-0.586630264,34.45965691
Nyeri,Kieni,Thegu River,-0.280458952,37.04897451
Nyandarua,Kipipiri,North Kinangop,-0.527800768,36.62700435748334
Nyandarua,Kinangop,Gathara,-0.620955273,36.63134484510347
Murang'a,Kigumo,Kangari,-0.759887893,36.81432531494893
Nyandarua,Kinangop,Njabini/Kiburu,-0.717555951,36.67994181756095
Nyandarua,Ndaragwa,Leshau Pondo,0.057854282,36.48565203290613
Nyandarua,Ol Jorok,Gathanji,-0.041450413,36.30229442546685
Laikipia,Laikipia East,Igwamiti,0.1171217187098515,36.33886768933612
Kiambu,Lari,Kinale,-0.878984636,36.650615142334594
Kilifi,Ganze,Bamba,-3.532749515,39.33223816487851
Machakos,Machakos Town,Kalama,-1.616122472,37.32110431762359
Machakos,Machakos Town,Kola,-1.6811822,37.327911632086135
Makueni,Kilome,Kiima Kiu/Kalanzoni,-1.787469277,37.23028245409533
Kilifi,Kaloleni,Kayafungo,-3.757617358,39.46675304355436
Kwale,Kinango,Mwavumbo,-3.889908618,39.40465663216612
Mombasa,Likoni,Mtongwe,-4.086586106,39.61868210668382
Mombasa,Changamwe,Miritini,-4.024061574,39.58582389879174
Mombasa,Changamwe,Airport,-4.036931637,39.60050657185302
Mombasa,Changamwe,Port Reitz,-4.031156999,39.60725613916283
Mombasa,Changamwe,Chaani,-4.038436237,39.619259021286894
Mombasa,Changamwe,Changamwe,-4.025375145,39.61764537499564
Mombasa,Jomvu,Mikindani,-4.015368366,39.62944674532114
Mombasa,Jomvu,Jomvu Kuu,-3.99030513,39.59252265201377
Mombasa,Likoni,Bofu,-4.084928956,39.65263435649928
Mombasa,Likoni,Timbwani,-4.102655047,39.66022125169054
Mombasa,Likoni,Likoni,-4.109138489,39.64429915429451
Mombasa,Mvita,Shimanzi/Ganjoni,-4.056028399,39.65452434289027
Mombasa,Mvita,Mji Wa Kale/Makadara,-4.065817325,39.67572141323195
Mombasa,Mvita,Tononoka,-4.049153669,39.66897499222176
Mombasa,Mvita,Tudor,-4.037236383,39.66396198286367
Mombasa,Kisauni,Mjambere,-4.028640046,39.68058963221507
Mombasa,Kisauni,Magogoni,-4.015479958,39.68461119
Mombasa,Kisauni,Bamburi,-3.9699842,39.700181722477424
Mombasa,Kisauni,Shanzu,-3.978499048,39.727537172742565
Mombasa,Nyali,Kadzandani,-4.018794918,39.70304304960815
Mombasa,Nyali,Ziwa La Ng'ombe,-4.032536388,39.70917345467567
Mombasa,Nyali,Kongowea,-4.052883125,39.68684961474309
Mombasa,Nyali,Mkomani,-4.057345302,39.69516600739463
Mombasa,Nyali,Frere Town,-4.034793694,39.68554145362295
Mombasa,Kisauni,Junda,-4.016450664,39.67101734843367
Nairobi,Langata,Karen,-1.335308692,36.72615856672447
Kiambu,Kasarani,Mwiki,-1.214408437,36.91985258511964
Nairobi,Starehe,Ngara,-1.273990546,36.82571890186363
Nairobi,Roysambu,Zimmerman,-1.204392662,36.86860011269325
Nairobi,Roysambu,Kahawa West,-1.178846411,36.911904708171534
Nairobi,Kasarani,Claycity,-1.225986103,36.91432221492484
Nairobi,Kasarani,Mwiki,-1.23811027,36.959537624949775
Nairobi,Starehe,Nairobi South,-1.314062562,36.839365952752594
Nairobi,Embakasi South,Imara Daima,-1.348884756,36.88582198600387
Nairobi,Embakasi East,Utawala,-1.312464066,36.89903307933673
Nairobi,Embakasi East,Upper Savannah,-1.286803196,36.90706351116104
Nairobi,Langata,South-C,-1.323811154,36.837612590244845
Nairobi,Embakasi South,Kwa Reuben,-1.323573601,36.86370317798188
Nairobi,Embakasi South,Kware,-1.319019875,36.88662432405536
Nairobi,Embakasi South,Pipeline,-1.315481304,36.89185998094887
Nairobi,Embakasi East,Embakasi,-1.323762449,36.93606788852795
Nairobi,Roysambu,Roysambu,-1.229000083,36.861289580050936
Nairobi,Kamukunji,Mlango Kubwa,-1.26521937,36.84638970312378
Nairobi,Kamukunji,California,-1.284871049,36.84937343115083
Nairobi,Kamukunji,Eastleigh North,-1.273301853,36.84769523716767
Nairobi,Kamukunji,Eastleigh South,-1.285340822,36.85508563346946
Nairobi,Makadara,Maringo/Hamza,-1.292492214,36.86881650112652
Nairobi,Makadara,Makongeni,-1.29660777,36.85304512628313
Nairobi,Embakasi West,Mowlem,-1.266392601,36.896122057382094
Nairobi,Embakasi West,Kariobangi South,-1.271906319,36.87994774625091
Nairobi,Kamukunji,Airbase,-1.272746556,36.86296578786156
Nairobi,Embakasi Central,Matopeni,-1.260901419,36.93066928109506
Nairobi,Embakasi Central,Kayole Central,-1.276885726,36.91484087507108
Nairobi,Embakasi North,Kariobangi North,-1.254857899,36.883041815029785
Nairobi,Mathare,Huruma,-1.258340408,36.87195757384231
Nairobi,Mathare,Ngei,-1.258986402,36.867164207404514
Nairobi,Mathare,Hospital,-1.262053621,36.84899923339379
Nairobi,Kamukunji,Mabatini,-1.263300304,36.85940333557237
Nairobi,Mathare,Kiamaiko,-1.257084685,36.87665337147122
Nairobi,Kilimani,Kawangware,-1.283904278,36.74637878
Nairobi,Ruaraka,Mathare North,-1.251351431,36.87162540670237
Nairobi,Ruaraka,Lucky Summer,-1.238908934,36.89937615363844
Nairobi,Kamukunji,Pumwani,-1.285103584,36.84335376962297
Nairobi,Starehe,Nairobi Central,-1.286617628,36.829076139865386
Nairobi,Starehe,Pangani,-1.272185544,36.83995604875184
Wajir,Eldas,Lakoley South/Basir,2.340888487040009,39.13608628856867
Wajir,Wajir East,Wagberi,1.7727110689086834,40.07470209103558
Mandera,Mandera West,Takaba South,3.2147274465056723,40.31647670066215
Mandera,Mandera North,Ashabito,3.415163011585556,40.81878588076076
Mandera,Mandera South,Wargudud,3.139039552256057,40.84416208166479
Mandera,Mandera East,Bulla Mpya,3.848678518024232,41.7363495
Mandera,Mandera East,Khalalio,3.891867588957804,41.60202936649389
Marsabit,North Horr,Turbi,2.578354638867782,38.40913518126536
Marsabit,Laisamis,Log Logo,1.965213560307981,38.11186083857869
Marsabit,North Horr,North Horr,3.497864073190599,36.70017132016408
Garissa,Dadaab,Abakaile,0.2067984991857054,40.026533823363735
Tana River,Garsen,Garsen West,-2.359546356,39.33095662326874
Turkana,Loima,Loima,3.1066766200390745,34.91315573939919
Turkana,Turkana North,Kaeris,3.987695526560475,35.41040602
Turkana,Turkana Central,Kalokol,3.5032348459414715,35.71441710420354
Mombasa,Kisauni,Mwakirunge,-3.955388526,39.66267217753568
Kwale,Lunga Lunga,Mwereni,-4.358339783,38.96451253491077
Kwale,Kinango,Nadavaya,-4.172894958,38.86469239344355
Taita Taveta,Taveta,Mata,-3.43659564,37.98941021543689
Kilifi,Malindi,Kakuyuni,-3.192002011,40.002602411179375
Kilifi,Malindi,Jilore,-3.214302856,39.83734579809329
Kilifi,Kilifi North,Dabaso,-3.296896764,39.97701568480735
Kilifi,Kilifi North,Matsangoni,-3.41546801,39.872945973256726
Meru,Cental Imenti,Kibirichia,0.040022018,37.463313072157625
Meru,North Imenti,Municipality,0.092536748,37.62495802237952
Meru,North Imenti,Nyaki West,0.09810535,37.67392848516081
Meru,Igembe North,Njia,0.4269441695073985,37.81711638897143
Meru,Tigania East,Karama,0.3649800198169599,37.75854122443231
Meru,Igembe Central,Kangeta,0.3582501489090957,37.81054915950348
Meru,Igembe South,Maua,0.2525404701115326,37.95856911627684
Meru,Igembe Central,Athiru Ruujine,0.2878359812099552,38.066191172799485
Meru,Igembe Central,Igembe East,0.2118301234258131,38.15034688265924
Meru,Igembe South,Akachiu,0.1425106717702319,37.94977185603696
Meru,Igembe South,Kiegoi/Antubochiu,0.2240043091558328,37.92858963745615
Meru,Tigania East,Kiguchwa,0.1956891120225437,37.86674984036773
Meru,South Imenti,Mitunguu,-0.124539613,37.788197001630536
Machakos,Machakos Town,Machakos Central,-1.519089559,37.29138031632191
Machakos,Kathiani,Upper Kaewa/Iveti,-1.468358294,37.31851255733719
Machakos,Machakos Town,Mutituni,-1.421783518,37.25373094473469
Machakos,Mavoko,Kinanie,-1.491204594,37.073597378500274
Machakos,Machakos Town,Mua,-1.595458605,37.16147821211027
Meru,North Imenti,Ntima West,0.032123612,37.63501552032351
Meru,Igembe South,Kanuni,0.0920246,38.08062292049951
Meru,Igembe South,Athiru Gaiti,0.069026672,38.23268241012823
Kitui,Mwingi North,Tseikuru,-0.258196531,38.34294645630816
Isiolo,Isiolo South,Kinna,0.3946952447871217,38.30236251078394
Kitui,Mwingi North,Ngomeni,-0.566169263,38.51443497043885
Kitui,Mwingi East,Nguni,-0.828758185,38.566598016782926
Tana River,Galole,Wayu,-1.472412825,39.38170546399599
Garissa,Fafi,Bura,-1.157343326,40.36366873478336
Tana River,Bura,Chewele,-0.869082494,39.69945402426932
Garissa,Galole,Chewani,-1.354950851,40.009704795043525
Garissa,Dujis,Township,-0.297908354,39.803698734021374
Garissa,Dujis,Waberi,-0.426048207,39.86083990440084
Garissa,Dujis,Galbet,-0.292078469,39.81809299197873
Garissa,Lagdera,Goreale,0.2307861533395229,39.61979000133477
Garissa,Lagdera,Baraki,0.4291567688055962,39.58642170539482
Garissa,Lagdera,Sabena,0.775273486,39.48571817857291
Garissa,Lagdera,Modogashe,0.6138115554476219,39.19308305509442
Garissa,Lagdera,Benane,0.4552158072822219,38.87182181381765
Garissa,Lagdera,Maalimin,0.532511832,39.25564923661723
Kiambu,Kikuyu,Karai,-1.274001389,36.64928122519131
Kajiado,Kajiado West,Ewuaso Oonkidong'I,-1.333934811,36.41663829024249
Kajiado,Kajiado West,Ngong,-1.310584452,36.63536145651466
Kajiado,Kajiado West,Oloolua,-1.344907082,36.64088053493124
Kajiado,Kajiado North,Olkeri,-1.398539836,36.69039116436857
Kiambu,Kabete,Muguga,-1.204821853,36.68023858167641
Kiambu,Limuru,Limuru Central,-1.131227352,36.63234762108839
Kiambu,Ruiru,Kahawa Sukari,-1.194221731,36.94198292880096
Kitui,Kitui West,Matinyani,-1.312963012,37.971000144167455
Kitui,Kitui Central,Miambani,-1.259791064,38.09893989886776
Kitui,Kitui Central,Kyangwithya West,-1.424833069,37.92445048465471
Kitui,Kitui Central,Township,-1.355180757,38.00154976866108
Kitui,Kitui Central,Kyangwithya East,-1.333936541,38.04943529472835
Narok,Narok South,Sagamian,-0.714270165,35.510072825506505
Narok,Narok West,Ilmotiok,-0.950592871,35.50235999319318
Narok,Narok North,Olokurto,-0.689895802,35.80799492176436
Narok,Narok North,Olpusimoru,-0.615229745,35.699825270550406
Kitui,Kitui West,Kwa Mutonga/Kithumula,-1.291613336,37.88831427138059
Kitui,Mwingi West,Nguutani,-1.098861621,37.92313789
Kitui,Mwingi West,Migwani,-1.090372226,38.02283758823124
Kitui,Mwingi East,Mui,-1.045447332,38.195864446688766
Machakos,Kathiani,Mitaboni,-1.359331511,37.2589206
Machakos,Kathiani,Lower Kaewa/Kaani,-1.479049138,37.35298255208273
Meru,North Imenti,Ntima East,0.033087652,37.67577679
Meru,North Imenti,Nyaki East,0.033954654,37.77877646556679
Tharaka,Tharaka,Nkondi,-0.045036201,37.96411614180018
Tharaka,Tharaka,Mukothima,0.011275333,38.05630542917116
Meru,Tigania East,Thangatha,0.095377555,37.91736783487756
Meru,Cental Imenti,Kiagu,-0.069192925,37.83806406089584
Mombasa,Kisauni,Mtopanga,-3.99274969,39.68272872256095
Nakuru,Naivasha,Olkaria,-0.826655856,36.32782895393095
Nakuru,Naivasha,Maai-Mahiu,-0.989748744,36.45387365973244
Nakuru,Naivasha,Viwandani,-0.696772975,36.41869877417268
Nakuru,Naivasha,Hells Gate,-0.804378533,36.43768057891002
Nakuru,Naivasha,Naivasha East,-0.792134101,36.52020006834808
Nakuru,Naivasha,Biashara,-0.671066881,36.51174308519873
Nakuru,Njoro,Kihingo,-0.477252472,36.02943773157157
Nakuru,Nakuru Town West,Kaptembwo,-0.294208907,36.03341926769025
Nakuru,Bahati,Kiamaina,-0.230930708,36.06628720912415
Nakuru,Njoro,Nessuit,-0.418918335,35.88356835228474
Nakuru,Molo,Mariashoni,-0.406313689,35.79880235850534
Nakuru,Kuresoi South,Tinet,-0.480628591,35.59789360139773
Nakuru,Molo,Turi,-0.296676998,35.73916285952264
Nakuru,Kuresoi North,Nyota,-0.352595177,35.63246188834765
Nakuru,Gilgil,Elementaita,-0.574042581,36.11567824813489
Nakuru,Njoro,Maunarok,-0.628474758,35.99627082135371
Nakuru,Njoro,Njoro,-0.346937347,35.93545269
Nakuru,Molo,Elburgon,-0.301980289,35.79215523862526
Nakuru,Rongai,Mosop,-0.271737658,35.923618680752746
Uasin Gishu,Kesses,Tarakwa,0.2750437221851081,35.39099784924998
Uasin Gishu,Ainabkoi,Ainabkoi/Olare,0.2004395551643852,35.49804942300418
Nakuru,Nakuru Town East,Nakuru East,-0.349157039,36.145614703782776
Nakuru,Nakuru Town East,Kivumbini,-0.299967342,36.09179643871925
Nakuru,Nakuru Town East,Biashara,-0.294409413,36.07786461554733
Nakuru,Nakuru Town West,Shaabab,-0.294052734,36.05343308694128
Nakuru,Nakuru Town East,Flamingo,-0.310631033,36.07901787299207
Nakuru,Nakuru Town West,Barut,-0.347699987,36.04374123217749
Nakuru,Nakuru Town East,Lake Nakuru National Park,-0.393249501,36.101385791581045
Nakuru,Nakuru Town West,London,-0.274452179,36.04650429058331
Nakuru,Nakuru Town East,Menengai,-0.275872527,36.09172757847245
Nakuru,Nakuru Town West,Rhoda,-0.31908276,36.06414095672516
Samburu,Samburu North,Angata Nanyokie,1.3074394836697676,36.725343768099854
Samburu,Samburu West,Poro,1.213246282339462,36.57967705684837
Samburu,Samburu North,Ndoto,1.745525577521008,37.1203104
Samburu,Samburu North,El-Barta,1.572747534,36.87225713588248
Taita Taveta,Voi,Ngolia,-2.985861964,38.26483116822785
Taita Taveta,Voi,Mbololo,-3.227501205,38.87419053547004
Taita Taveta,Voi,Marungu,-3.740978195,38.87434913056486
Taita Taveta,Voi,Sagalla,-3.535125324,38.78575301168499
Wajir,Wajir East,Township,1.7188934659301287,40.071744839943335
Wajir,Wajir East,Barwago,1.7450968911867308,40.02221782304441
Tana River,Bura,Bura,-0.970714499,39.33064161816068
Garissa,Balambala,Sankuri,-0.187718982,39.63389894125201
Garissa,Dujis,Iftin,-0.44539768,39.75944211889965
Garissa,Fafi,Fafi,-0.446443015,40.28589227
Garissa,Dadaab,Damajale,-0.058617628,40.72632849903913
Wajir,Wajir North,Sarman,2.7995282051275354,40.03615415121289
Wajir,Tarbaj,Tarbaj,2.191360116312279,40.047666738638966
Mandera,Banissa,Kiliwehiri,3.973110103971188,40.15140451
Mandera,Mandera West,Gither,3.740303041855845,39.92725714503959
Makueni,Kibwezi West,Makindu,-2.297982268,37.79165940502378
Makueni,Makueni,Nzaui/Kilili/Kalamba,-1.924691583,37.55521232509753
Makueni,Kilome,Kasikeu,-1.95019072,37.36303708243766
Makueni,Kaiti,Ilima,-1.835314872,37.43253501474064
Makueni,Mbooni,Waia/Kako,-1.672817369,37.61929714147092
Narok,Narok East,Ildamat,-1.030810298,36.017750223168825
Narok,Narok South,Majimoto/Naroosura,-1.399986654,35.82104077013603
Wajir,Wajir West,Wagalla/Ganyure,1.6433642364825538,39.790664962061335
Baringo,Baringo South,Ilchamus,0.5750797144665476,36.04905025743204
Laikipia,Laikipia East,Salama,0.2372607320136623,36.65504265587814
Laikipia,Laikipia West,Ngobit,-0.016234818,36.71362644141764
Laikipia,Laikipia West,Tigithi,-0.094153858,36.90979565056722
Laikipia,Laikipia North,Segera,0.2242431887031619,36.91403728130389
